2026-06-14T14:25:17 [INFO    ] pipeline.registration.1.2.392.200036.9116.2.5.1.37.2418751871.1432695579.168588 — Starting registration: 1.2.392.200036.9116.2.5.1.37.2418751871.1432695579.168588
2026-06-14T14:25:48 [WARNING ] pipeline.registration.1.2.392.200036.9116.2.5.1.37.2418751871.1432695579.168588 — [Arterial] Pass 0 Kabsch refinement-set residual 56.9mm > 20mm
2026-06-14T14:27:26 [WARNING ] pipeline.registration.1.2.392.200036.9116.2.5.1.37.2418751871.1432695579.168588 — [Arterial] Pass 2 rejected: centroid 5.4mm > Pass1 3.8mm — reverted.
2026-06-14T14:29:38 [WARNING ] pipeline.registration.1.2.392.200036.9116.2.5.1.37.2418751871.1432695579.168588 — [Venous] Pass 2 rejected: centroid 8.8mm > Pass1 2.4mm — reverted.
2026-06-14T14:29:40 [INFO    ] pipeline.registration.1.2.392.200036.9116.2.5.1.37.2418751871.1497923284.55315 — Starting registration: 1.2.392.200036.9116.2.5.1.37.2418751871.1497923284.55315
2026-06-14T14:30:06 [WARNING ] pipeline.registration.1.2.392.200036.9116.2.5.1.37.2418751871.1497923284.55315 — [Arterial] Pass 0 Kabsch refinement-set residual 59.6mm > 20mm
2026-06-14T14:31:36 [WARNING ] pipeline.registration.1.2.392.200036.9116.2.5.1.37.2418751871.1497923284.55315 — [Arterial] Pass 2 rejected: centroid 3.7mm > Pass1 2.0mm — reverted.
2026-06-14T14:31:57 [WARNING ] pipeline.registration.1.2.392.200036.9116.2.5.1.37.2418751871.1497923284.55315 — [Venous] Pass 0 Kabsch refinement-set residual 55.2mm > 20mm
2026-06-14T14:33:31 [WARNING ] pipeline.registration.1.2.392.200036.9116.2.5.1.37.2418751871.1497923284.55315 — [Venous] Pass 2 rejected: centroid 3.6mm > Pass1 2.3mm — reverted.
2026-06-14T14:33:34 [INFO    ] pipeline.registration.1.2.392.200036.9116.2.5.1.37.2418751871.1522984884.757455 — Starting registration: 1.2.392.200036.9116.2.5.1.37.2418751871.1522984884.757455
2026-06-14T14:35:36 [WARNING ] pipeline.registration.1.2.392.200036.9116.2.5.1.37.2418751871.1522984884.757455 — [Arterial] Pass 2 rejected: centroid 34.4mm > Pass1 1.4mm — reverted.
2026-06-14T14:37:35 [INFO    ] pipeline.registration.1.2.392.200036.9116.2.5.1.37.2418751871.1432695579.168588 — Starting registration: 1.2.392.200036.9116.2.5.1.37.2418751871.1432695579.168588
2026-06-14T14:37:38 [WARNING ] pipeline.registration.1.2.392.200036.9116.2.5.1.37.2418751871.1522984884.757455 — [Venous] Pass 2 rejected: centroid 36.9mm > Pass1 1.6mm — reverted.
2026-06-14T14:37:40 [INFO    ] pipeline.registration.1.2.392.200036.9116.2.5.1.37.2418751871.1523338564.321791 — Starting registration: 1.2.392.200036.9116.2.5.1.37.2418751871.1523338564.321791
2026-06-14T14:38:06 [WARNING ] pipeline.registration.1.2.392.200036.9116.2.5.1.37.2418751871.1432695579.168588 — [Arterial] Pass 0 Kabsch refinement-set residual 56.9mm > 20mm
2026-06-14T14:39:43 [WARNING ] pipeline.registration.1.2.392.200036.9116.2.5.1.37.2418751871.1523338564.321791 — [Arterial] Pass 2 rejected: centroid 5.6mm > Pass1 1.6mm — reverted.
2026-06-14T14:40:00 [WARNING ] pipeline.registration.1.2.392.200036.9116.2.5.1.37.2418751871.1432695579.168588 — [Arterial] Pass 2 rejected: centroid 6.4mm > Pass1 3.6mm — reverted.
2026-06-14T14:41:35 [WARNING ] pipeline.registration.1.2.392.200036.9116.2.5.1.37.2418751871.1523338564.321791 — [Venous] Pass 2 rejected: centroid 66.8mm > Pass1 1.3mm — reverted.
2026-06-14T14:41:37 [INFO    ] pipeline.registration.1.2.392.200036.9116.2.5.1.37.2418751871.1526972837.526920 — Starting registration: 1.2.392.200036.9116.2.5.1.37.2418751871.1526972837.526920
2026-06-14T14:42:09 [WARNING ] pipeline.registration.1.2.392.200036.9116.2.5.1.37.2418751871.1432695579.168588 — [Venous] Pass 2 rejected: centroid 24.6mm > Pass1 2.4mm — reverted.
2026-06-14T14:42:10 [WARNING ] pipeline.registration.1.2.392.200036.9116.2.5.1.37.2418751871.1526972837.526920 — [Arterial] Pass 0 Kabsch refinement-set residual 33.3mm > 20mm
2026-06-14T14:42:12 [INFO    ] pipeline.registration.1.2.392.200036.9116.2.5.1.37.2418751871.1497923284.55315 — Starting registration: 1.2.392.200036.9116.2.5.1.37.2418751871.1497923284.55315
2026-06-14T14:42:37 [WARNING ] pipeline.registration.1.2.392.200036.9116.2.5.1.37.2418751871.1497923284.55315 — [Arterial] Pass 0 Kabsch refinement-set residual 59.6mm > 20mm
2026-06-14T14:43:54 [WARNING ] pipeline.registration.1.2.392.200036.9116.2.5.1.37.2418751871.1526972837.526920 — [Arterial] Pass 2 rejected: centroid 20.8mm > Pass1 2.8mm — reverted.
2026-06-14T14:44:11 [WARNING ] pipeline.registration.1.2.392.200036.9116.2.5.1.37.2418751871.1497923284.55315 — [Arterial] Pass 2 rejected: centroid 5.6mm > Pass1 2.2mm — reverted.
2026-06-14T14:44:20 [WARNING ] pipeline.registration.1.2.392.200036.9116.2.5.1.37.2418751871.1526972837.526920 — [Venous] Pass 0 Kabsch refinement-set residual 26.4mm > 20mm
2026-06-14T14:44:31 [WARNING ] pipeline.registration.1.2.392.200036.9116.2.5.1.37.2418751871.1497923284.55315 — [Venous] Pass 0 Kabsch refinement-set residual 55.2mm > 20mm
2026-06-14T14:46:11 [WARNING ] pipeline.registration.1.2.392.200036.9116.2.5.1.37.2418751871.1526972837.526920 — [Venous] Pass 2 rejected: centroid 7.6mm > Pass1 4.5mm — reverted.
2026-06-14T14:46:14 [INFO    ] pipeline.registration.1.2.392.200036.9116.2.5.1.37.2418751871.1528603299.120286 — Starting registration: 1.2.392.200036.9116.2.5.1.37.2418751871.1528603299.120286
2026-06-14T14:46:24 [WARNING ] pipeline.registration.1.2.392.200036.9116.2.5.1.37.2418751871.1497923284.55315 — [Venous] Pass 2 rejected: centroid 7.6mm > Pass1 2.3mm — reverted.
2026-06-14T14:46:26 [INFO    ] pipeline.registration.1.2.392.200036.9116.2.5.1.37.2418751871.1522984884.757455 — Starting registration: 1.2.392.200036.9116.2.5.1.37.2418751871.1522984884.757455
2026-06-14T14:48:44 [WARNING ] pipeline.registration.1.2.392.200036.9116.2.5.1.37.2418751871.1528603299.120286 — [Arterial] Pass 2 rejected: centroid 64.5mm > Pass1 2.9mm — reverted.
2026-06-14T14:48:49 [WARNING ] pipeline.registration.1.2.392.200036.9116.2.5.1.37.2418751871.1522984884.757455 — [Arterial] Pass 2 rejected: centroid 31.4mm > Pass1 1.5mm — reverted.
2026-06-14T14:50:56 [WARNING ] pipeline.registration.1.2.392.200036.9116.2.5.1.37.2418751871.1522984884.757455 — [Venous] Pass 2 rejected: centroid 7.0mm > Pass1 1.7mm — reverted.
2026-06-14T14:50:59 [INFO    ] pipeline.registration.1.2.392.200036.9116.2.5.1.37.2418751871.1523338564.321791 — Starting registration: 1.2.392.200036.9116.2.5.1.37.2418751871.1523338564.321791
2026-06-14T14:51:06 [WARNING ] pipeline.registration.1.2.392.200036.9116.2.5.1.37.2418751871.1528603299.120286 — [Venous] Pass 2 rejected: centroid 22.4mm > Pass1 2.4mm — reverted.
2026-06-14T14:51:09 [INFO    ] pipeline.registration.1.2.392.200036.9116.2.5.1.37.2418751871.1530156734.608221 — Starting registration: 1.2.392.200036.9116.2.5.1.37.2418751871.1530156734.608221
2026-06-14T14:51:46 [WARNING ] pipeline.registration.1.2.392.200036.9116.2.5.1.37.2418751871.1530156734.608221 — [Arterial] Pass 0 Kabsch refinement-set residual 24.1mm > 20mm
2026-06-14T14:53:00 [WARNING ] pipeline.registration.1.2.392.200036.9116.2.5.1.37.2418751871.1523338564.321791 — [Arterial] Pass 2 rejected: centroid 5.4mm > Pass1 1.6mm — reverted.
2026-06-14T14:53:42 [WARNING ] pipeline.registration.1.2.392.200036.9116.2.5.1.37.2418751871.1530156734.608221 — [Arterial] Pass 2 rejected: centroid 72.2mm > Pass1 1.0mm — reverted.
2026-06-14T14:54:12 [WARNING ] pipeline.registration.1.2.392.200036.9116.2.5.1.37.2418751871.1530156734.608221 — [Venous] Pass 0 Kabsch refinement-set residual 20.1mm > 20mm
2026-06-14T14:55:06 [WARNING ] pipeline.registration.1.2.392.200036.9116.2.5.1.37.2418751871.1523338564.321791 — [Venous] Pass 2 rejected: centroid 29.3mm > Pass1 1.2mm — reverted.
2026-06-14T14:55:09 [INFO    ] pipeline.registration.1.2.392.200036.9116.2.5.1.37.2418751871.1526972837.526920 — Starting registration: 1.2.392.200036.9116.2.5.1.37.2418751871.1526972837.526920
2026-06-14T14:55:38 [WARNING ] pipeline.registration.1.2.392.200036.9116.2.5.1.37.2418751871.1526972837.526920 — [Arterial] Pass 0 Kabsch refinement-set residual 33.3mm > 20mm
2026-06-14T14:56:22 [WARNING ] pipeline.registration.1.2.392.200036.9116.2.5.1.37.2418751871.1530156734.608221 — [Venous] Pass 2 rejected: centroid 19.2mm > Pass1 1.0mm — reverted.
2026-06-14T14:56:25 [INFO    ] pipeline.registration.1.2.392.200036.9116.2.5.1.37.2418751871.1533522625.630037 — Starting registration: 1.2.392.200036.9116.2.5.1.37.2418751871.1533522625.630037
2026-06-14T14:57:32 [WARNING ] pipeline.registration.1.2.392.200036.9116.2.5.1.37.2418751871.1526972837.526920 — [Arterial] Pass 2 rejected: centroid 34.4mm > Pass1 2.8mm — reverted.
2026-06-14T14:57:55 [WARNING ] pipeline.registration.1.2.392.200036.9116.2.5.1.37.2418751871.1526972837.526920 — [Venous] Pass 0 Kabsch refinement-set residual 26.4mm > 20mm
2026-06-14T14:58:57 [WARNING ] pipeline.registration.1.2.392.200036.9116.2.5.1.37.2418751871.1533522625.630037 — [Arterial] Pass 2 rejected: centroid 12.7mm > Pass1 3.0mm — reverted.
2026-06-14T14:59:39 [WARNING ] pipeline.registration.1.2.392.200036.9116.2.5.1.37.2418751871.1526972837.526920 — [Venous] Pass 2 rejected: centroid 47.4mm > Pass1 4.5mm — reverted.
2026-06-14T14:59:41 [INFO    ] pipeline.registration.1.2.392.200036.9116.2.5.1.37.2418751871.1528603299.120286 — Starting registration: 1.2.392.200036.9116.2.5.1.37.2418751871.1528603299.120286
2026-06-14T15:01:08 [WARNING ] pipeline.registration.1.2.392.200036.9116.2.5.1.37.2418751871.1533522625.630037 — [Venous] Pass 2 rejected: centroid 43.1mm > Pass1 12.9mm — reverted.
2026-06-14T15:01:10 [INFO    ] pipeline.registration.1.2.392.200036.9116.2.5.1.37.2418751871.1542254308.519780 — Starting registration: 1.2.392.200036.9116.2.5.1.37.2418751871.1542254308.519780
2026-06-14T15:01:59 [WARNING ] pipeline.registration.1.2.392.200036.9116.2.5.1.37.2418751871.1528603299.120286 — [Arterial] Pass 2 rejected: centroid 25.2mm > Pass1 2.9mm — reverted.
2026-06-14T15:03:22 [WARNING ] pipeline.registration.1.2.392.200036.9116.2.5.1.37.2418751871.1542254308.519780 — [Arterial] Pass 2 rejected: centroid 8.0mm > Pass1 2.8mm — reverted.
2026-06-14T15:04:26 [WARNING ] pipeline.registration.1.2.392.200036.9116.2.5.1.37.2418751871.1528603299.120286 — [Venous] Pass 2 rejected: centroid 8.9mm > Pass1 2.4mm — reverted.
2026-06-14T15:04:29 [INFO    ] pipeline.registration.1.2.392.200036.9116.2.5.1.37.2418751871.1530156734.608221 — Starting registration: 1.2.392.200036.9116.2.5.1.37.2418751871.1530156734.608221
2026-06-14T15:05:06 [WARNING ] pipeline.registration.1.2.392.200036.9116.2.5.1.37.2418751871.1530156734.608221 — [Arterial] Pass 0 Kabsch refinement-set residual 24.1mm > 20mm
2026-06-14T15:05:40 [WARNING ] pipeline.registration.1.2.392.200036.9116.2.5.1.37.2418751871.1542254308.519780 — [Venous] Pass 2 rejected: centroid 11.1mm > Pass1 3.5mm — reverted.
2026-06-14T15:05:43 [INFO    ] pipeline.registration.1.2.392.200036.9116.2.5.1.37.2418751871.1573179664.62772 — Starting registration: 1.2.392.200036.9116.2.5.1.37.2418751871.1573179664.62772
2026-06-14T15:06:07 [WARNING ] pipeline.registration.1.2.392.200036.9116.2.5.1.37.2418751871.1573179664.62772 — [Arterial] Pass 0 Kabsch refinement-set residual 23.5mm > 20mm
2026-06-14T15:07:20 [WARNING ] pipeline.registration.1.2.392.200036.9116.2.5.1.37.2418751871.1530156734.608221 — [Arterial] Pass 2 rejected: centroid 75.1mm > Pass1 1.3mm — reverted.
2026-06-14T15:07:41 [WARNING ] pipeline.registration.1.2.392.200036.9116.2.5.1.37.2418751871.1573179664.62772 — [Arterial] Pass 2 rejected: centroid 7.3mm > Pass1 1.6mm — reverted.
2026-06-14T15:07:52 [WARNING ] pipeline.registration.1.2.392.200036.9116.2.5.1.37.2418751871.1530156734.608221 — [Venous] Pass 0 Kabsch refinement-set residual 20.1mm > 20mm
2026-06-14T15:09:27 [WARNING ] pipeline.registration.1.2.392.200036.9116.2.5.1.37.2418751871.1573179664.62772 — [Venous] Pass 2 rejected: centroid 46.1mm > Pass1 0.9mm — reverted.
2026-06-14T15:09:30 [INFO    ] pipeline.registration.1.2.392.200036.9116.2.5.1.37.2418751871.1573181976.738010 — Starting registration: 1.2.392.200036.9116.2.5.1.37.2418751871.1573181976.738010
2026-06-14T15:10:02 [WARNING ] pipeline.registration.1.2.392.200036.9116.2.5.1.37.2418751871.1530156734.608221 — [Venous] Pass 2 rejected: centroid 41.0mm > Pass1 1.1mm — reverted.
2026-06-14T15:10:05 [INFO    ] pipeline.registration.1.2.392.200036.9116.2.5.1.37.2418751871.1533522625.630037 — Starting registration: 1.2.392.200036.9116.2.5.1.37.2418751871.1533522625.630037
2026-06-14T15:11:23 [WARNING ] pipeline.registration.1.2.392.200036.9116.2.5.1.37.2418751871.1573181976.738010 — [Arterial] Pass 2 rejected: centroid 5.1mm > Pass1 2.8mm — reverted.
2026-06-14T15:12:29 [WARNING ] pipeline.registration.1.2.392.200036.9116.2.5.1.37.2418751871.1533522625.630037 — [Arterial] Pass 2 rejected: centroid 12.7mm > Pass1 3.0mm — reverted.
2026-06-14T15:13:04 [WARNING ] pipeline.registration.1.2.392.200036.9116.2.5.1.37.2418751871.1573181976.738010 — [Venous] Pass 2 rejected: centroid 21.0mm > Pass1 3.0mm — reverted.
2026-06-14T15:13:06 [INFO    ] pipeline.registration.1.2.392.200036.9116.2.5.1.37.2418751871.1573442981.375377 — Starting registration: 1.2.392.200036.9116.2.5.1.37.2418751871.1573442981.375377
2026-06-14T15:13:31 [WARNING ] pipeline.registration.1.2.392.200036.9116.2.5.1.37.2418751871.1573442981.375377 — [Arterial] Pass 0 Kabsch refinement-set residual 181.6mm > 20mm
2026-06-14T15:14:28 [WARNING ] pipeline.registration.1.2.392.200036.9116.2.5.1.37.2418751871.1533522625.630037 — [Venous] Pass 2 rejected: centroid 18.8mm > Pass1 14.3mm — reverted.
2026-06-14T15:14:30 [INFO    ] pipeline.registration.1.2.392.200036.9116.2.5.1.37.2418751871.1542254308.519780 — Starting registration: 1.2.392.200036.9116.2.5.1.37.2418751871.1542254308.519780
2026-06-14T15:15:43 [WARNING ] pipeline.registration.1.2.392.200036.9116.2.5.1.37.2418751871.1573442981.375377 — [Venous] Pass 0 Kabsch refinement-set residual 185.2mm > 20mm
2026-06-14T15:17:05 [WARNING ] pipeline.registration.1.2.392.200036.9116.2.5.1.37.2418751871.1542254308.519780 — [Arterial] Pass 2 rejected: centroid 4.5mm > Pass1 2.8mm — reverted.
2026-06-14T15:17:33 [WARNING ] pipeline.registration.1.2.392.200036.9116.2.5.1.37.2418751871.1573442981.375377 — [Venous] Pass 2 rejected: centroid 5.9mm > Pass1 4.1mm — reverted.
2026-06-14T15:17:35 [INFO    ] pipeline.registration.1.2.392.200036.9116.2.5.1.37.2418751871.1573604712.598232 — Starting registration: 1.2.392.200036.9116.2.5.1.37.2418751871.1573604712.598232
2026-06-14T15:17:57 [WARNING ] pipeline.registration.1.2.392.200036.9116.2.5.1.37.2418751871.1573604712.598232 — [Arterial] Pass 0 Kabsch refinement-set residual 35.0mm > 20mm
2026-06-14T15:19:23 [WARNING ] pipeline.registration.1.2.392.200036.9116.2.5.1.37.2418751871.1542254308.519780 — [Venous] Pass 2 rejected: centroid 10.6mm > Pass1 3.6mm — reverted.
2026-06-14T15:19:26 [WARNING ] pipeline.registration.1.2.392.200036.9116.2.5.1.37.2418751871.1573604712.598232 — [Arterial] Pass 2 rejected: centroid 12.4mm > Pass1 1.8mm — reverted.
2026-06-14T15:19:26 [INFO    ] pipeline.registration.1.2.392.200036.9116.2.5.1.37.2418751871.1573179664.62772 — Starting registration: 1.2.392.200036.9116.2.5.1.37.2418751871.1573179664.62772
2026-06-14T15:19:43 [WARNING ] pipeline.registration.1.2.392.200036.9116.2.5.1.37.2418751871.1573604712.598232 — [Venous] Pass 0 Kabsch refinement-set residual 41.8mm > 20mm
2026-06-14T15:19:51 [WARNING ] pipeline.registration.1.2.392.200036.9116.2.5.1.37.2418751871.1573179664.62772 — [Arterial] Pass 0 Kabsch refinement-set residual 23.5mm > 20mm
2026-06-14T15:21:09 [WARNING ] pipeline.registration.1.2.392.200036.9116.2.5.1.37.2418751871.1573604712.598232 — [Venous] Pass 2 rejected: centroid 4.1mm > Pass1 2.0mm — reverted.
2026-06-14T15:21:11 [INFO    ] pipeline.registration.1.2.392.200036.9116.2.5.1.37.2418751871.1573609663.550134 — Starting registration: 1.2.392.200036.9116.2.5.1.37.2418751871.1573609663.550134
2026-06-14T15:21:21 [WARNING ] pipeline.registration.1.2.392.200036.9116.2.5.1.37.2418751871.1573179664.62772 — [Arterial] Pass 2 rejected: centroid 2.7mm > Pass1 1.6mm — reverted.
2026-06-14T15:21:40 [WARNING ] pipeline.registration.1.2.392.200036.9116.2.5.1.37.2418751871.1573609663.550134 — [Arterial] Pass 0 Kabsch refinement-set residual 82.6mm > 20mm
2026-06-14T15:23:01 [WARNING ] pipeline.registration.1.2.392.200036.9116.2.5.1.37.2418751871.1573179664.62772 — [Venous] Pass 2 rejected: centroid 62.5mm > Pass1 1.1mm — reverted.
2026-06-14T15:23:04 [INFO    ] pipeline.registration.1.2.392.200036.9116.2.5.1.37.2418751871.1573181976.738010 — Starting registration: 1.2.392.200036.9116.2.5.1.37.2418751871.1573181976.738010
2026-06-14T15:23:22 [WARNING ] pipeline.registration.1.2.392.200036.9116.2.5.1.37.2418751871.1573609663.550134 — [Arterial] Pass 2 rejected: centroid 25.6mm > Pass1 5.1mm — reverted.
2026-06-14T15:25:04 [WARNING ] pipeline.registration.1.2.392.200036.9116.2.5.1.37.2418751871.1573181976.738010 — [Arterial] Pass 2 rejected: centroid 35.8mm > Pass1 2.6mm — reverted.
2026-06-14T15:25:24 [WARNING ] pipeline.registration.1.2.392.200036.9116.2.5.1.37.2418751871.1573609663.550134 — [Venous] Pass 2 rejected: centroid 42.4mm > Pass1 2.1mm — reverted.
2026-06-14T15:25:26 [INFO    ] pipeline.registration.1.2.392.200036.9116.2.5.1.37.2418751871.1573613878.909734 — Starting registration: 1.2.392.200036.9116.2.5.1.37.2418751871.1573613878.909734
2026-06-14T15:27:05 [WARNING ] pipeline.registration.1.2.392.200036.9116.2.5.1.37.2418751871.1573181976.738010 — [Venous] Pass 2 rejected: centroid 79.8mm > Pass1 2.8mm — reverted.
2026-06-14T15:27:07 [INFO    ] pipeline.registration.1.2.392.200036.9116.2.5.1.37.2418751871.1573442981.375377 — Starting registration: 1.2.392.200036.9116.2.5.1.37.2418751871.1573442981.375377
2026-06-14T15:27:28 [WARNING ] pipeline.registration.1.2.392.200036.9116.2.5.1.37.2418751871.1573613878.909734 — [Arterial] Pass 2 rejected: centroid 120.2mm > Pass1 1.6mm — reverted.
2026-06-14T15:27:36 [WARNING ] pipeline.registration.1.2.392.200036.9116.2.5.1.37.2418751871.1573442981.375377 — [Arterial] Pass 0 Kabsch refinement-set residual 190.8mm > 20mm
2026-06-14T15:29:26 [WARNING ] pipeline.registration.1.2.392.200036.9116.2.5.1.37.2418751871.1573442981.375377 — [Arterial] Pass 2 rejected: centroid 25.9mm > Pass1 5.2mm — reverted.
2026-06-14T15:29:35 [WARNING ] pipeline.registration.1.2.392.200036.9116.2.5.1.37.2418751871.1573613878.909734 — [Venous] Pass 2 rejected: centroid 36.1mm > Pass1 1.1mm — reverted.
2026-06-14T15:29:37 [INFO    ] pipeline.registration.1.2.392.200036.9116.2.5.1.37.2418751871.1573700569.639395 — Starting registration: 1.2.392.200036.9116.2.5.1.37.2418751871.1573700569.639395
2026-06-14T15:29:45 [WARNING ] pipeline.registration.1.2.392.200036.9116.2.5.1.37.2418751871.1573442981.375377 — [Venous] Pass 0 Kabsch refinement-set residual 195.5mm > 20mm
2026-06-14T15:31:28 [WARNING ] pipeline.registration.1.2.392.200036.9116.2.5.1.37.2418751871.1573442981.375377 — [Venous] Pass 2 rejected: centroid 7.0mm > Pass1 4.1mm — reverted.
2026-06-14T15:31:31 [INFO    ] pipeline.registration.1.2.392.200036.9116.2.5.1.37.2418751871.1573604712.598232 — Starting registration: 1.2.392.200036.9116.2.5.1.37.2418751871.1573604712.598232
2026-06-14T15:31:46 [WARNING ] pipeline.registration.1.2.392.200036.9116.2.5.1.37.2418751871.1573700569.639395 — [Arterial] Pass 2 rejected: centroid 6.8mm > Pass1 1.2mm — reverted.
2026-06-14T15:31:54 [WARNING ] pipeline.registration.1.2.392.200036.9116.2.5.1.37.2418751871.1573604712.598232 — [Arterial] Pass 0 Kabsch refinement-set residual 35.0mm > 20mm
2026-06-14T15:33:22 [WARNING ] pipeline.registration.1.2.392.200036.9116.2.5.1.37.2418751871.1573604712.598232 — [Arterial] Pass 2 rejected: centroid 5.6mm > Pass1 2.3mm — reverted.
2026-06-14T15:33:43 [WARNING ] pipeline.registration.1.2.392.200036.9116.2.5.1.37.2418751871.1573604712.598232 — [Venous] Pass 0 Kabsch refinement-set residual 41.8mm > 20mm
2026-06-14T15:33:52 [WARNING ] pipeline.registration.1.2.392.200036.9116.2.5.1.37.2418751871.1573700569.639395 — [Venous] Pass 2 rejected: centroid 6.7mm > Pass1 0.8mm — reverted.
2026-06-14T15:33:54 [INFO    ] pipeline.registration.1.2.392.200036.9116.2.5.1.37.2418751871.1574308298.505216 — Starting registration: 1.2.392.200036.9116.2.5.1.37.2418751871.1574308298.505216
2026-06-14T15:34:22 [WARNING ] pipeline.registration.1.2.392.200036.9116.2.5.1.37.2418751871.1574308298.505216 — [Arterial] Pass 0 Kabsch refinement-set residual 32.6mm > 20mm
2026-06-14T15:35:19 [WARNING ] pipeline.registration.1.2.392.200036.9116.2.5.1.37.2418751871.1573604712.598232 — [Venous] Pass 2 rejected: centroid 3.4mm > Pass1 1.7mm — reverted.
2026-06-14T15:35:21 [INFO    ] pipeline.registration.1.2.392.200036.9116.2.5.1.37.2418751871.1573609663.550134 — Starting registration: 1.2.392.200036.9116.2.5.1.37.2418751871.1573609663.550134
2026-06-14T15:35:52 [WARNING ] pipeline.registration.1.2.392.200036.9116.2.5.1.37.2418751871.1573609663.550134 — [Arterial] Pass 0 Kabsch refinement-set residual 94.4mm > 20mm
2026-06-14T15:35:59 [WARNING ] pipeline.registration.1.2.392.200036.9116.2.5.1.37.2418751871.1574308298.505216 — [Arterial] Pass 2 rejected: centroid 7.5mm > Pass1 6.0mm — reverted.
2026-06-14T15:36:21 [WARNING ] pipeline.registration.1.2.392.200036.9116.2.5.1.37.2418751871.1574308298.505216 — [Venous] Pass 0 Kabsch refinement-set residual 36.8mm > 20mm
2026-06-14T15:37:33 [WARNING ] pipeline.registration.1.2.392.200036.9116.2.5.1.37.2418751871.1573609663.550134 — [Arterial] Pass 2 rejected: centroid 7.5mm > Pass1 5.5mm — reverted.
2026-06-14T15:38:14 [WARNING ] pipeline.registration.1.2.392.200036.9116.2.5.1.37.2418751871.1574308298.505216 — [Venous] Pass 2 rejected: centroid 5.3mm > Pass1 2.3mm — reverted.
2026-06-14T15:38:16 [INFO    ] pipeline.registration.1.2.392.200036.9116.2.5.1.37.2418751871.1574651082.95426 — Starting registration: 1.2.392.200036.9116.2.5.1.37.2418751871.1574651082.95426
2026-06-14T15:38:42 [WARNING ] pipeline.registration.1.2.392.200036.9116.2.5.1.37.2418751871.1574651082.95426 — [Arterial] Pass 0 Kabsch refinement-set residual 63.6mm > 20mm
2026-06-14T15:39:42 [WARNING ] pipeline.registration.1.2.392.200036.9116.2.5.1.37.2418751871.1573609663.550134 — [Venous] Pass 2 rejected: centroid 8.9mm > Pass1 2.1mm — reverted.
2026-06-14T15:39:45 [INFO    ] pipeline.registration.1.2.392.200036.9116.2.5.1.37.2418751871.1573613878.909734 — Starting registration: 1.2.392.200036.9116.2.5.1.37.2418751871.1573613878.909734
2026-06-14T15:40:18 [WARNING ] pipeline.registration.1.2.392.200036.9116.2.5.1.37.2418751871.1574651082.95426 — [Arterial] Pass 2 rejected: centroid 6.9mm > Pass1 4.5mm — reverted.
2026-06-14T15:40:40 [WARNING ] pipeline.registration.1.2.392.200036.9116.2.5.1.37.2418751871.1574651082.95426 — [Venous] Pass 0 Kabsch refinement-set residual 24.4mm > 20mm
2026-06-14T15:41:51 [WARNING ] pipeline.registration.1.2.392.200036.9116.2.5.1.37.2418751871.1573613878.909734 — [Arterial] Pass 2 rejected: centroid 43.4mm > Pass1 1.2mm — reverted.
2026-06-14T15:42:10 [WARNING ] pipeline.registration.1.2.392.200036.9116.2.5.1.37.2418751871.1574651082.95426 — [Venous] Pass 2 rejected: centroid 10.5mm > Pass1 1.4mm — reverted.
2026-06-14T15:42:12 [INFO    ] pipeline.registration.1.2.392.200036.9116.2.5.1.37.2418751871.1574652927.757399 — Starting registration: 1.2.392.200036.9116.2.5.1.37.2418751871.1574652927.757399
2026-06-14T15:43:43 [WARNING ] pipeline.registration.1.2.392.200036.9116.2.5.1.37.2418751871.1573613878.909734 — [Venous] Pass 2 rejected: centroid 112.5mm > Pass1 1.2mm — reverted.
2026-06-14T15:43:45 [INFO    ] pipeline.registration.1.2.392.200036.9116.2.5.1.37.2418751871.1573700569.639395 — Starting registration: 1.2.392.200036.9116.2.5.1.37.2418751871.1573700569.639395
2026-06-14T15:44:13 [WARNING ] pipeline.registration.1.2.392.200036.9116.2.5.1.37.2418751871.1574652927.757399 — [Arterial] Pass 2 rejected: centroid 12.7mm > Pass1 2.4mm — reverted.
2026-06-14T15:45:59 [WARNING ] pipeline.registration.1.2.392.200036.9116.2.5.1.37.2418751871.1573700569.639395 — [Arterial] Pass 2 rejected: centroid 19.7mm > Pass1 1.2mm — reverted.
2026-06-14T15:46:04 [WARNING ] pipeline.registration.1.2.392.200036.9116.2.5.1.37.2418751871.1574652927.757399 — [Venous] Pass 2 rejected: centroid 91.8mm > Pass1 0.9mm — reverted.
2026-06-14T15:46:06 [INFO    ] pipeline.registration.1.2.392.200036.9116.2.5.1.37.2418751871.1574734831.134817 — Starting registration: 1.2.392.200036.9116.2.5.1.37.2418751871.1574734831.134817
2026-06-14T15:46:32 [WARNING ] pipeline.registration.1.2.392.200036.9116.2.5.1.37.2418751871.1574734831.134817 — [Arterial] Pass 0 Kabsch refinement-set residual 43.0mm > 20mm
2026-06-14T15:48:08 [WARNING ] pipeline.registration.1.2.392.200036.9116.2.5.1.37.2418751871.1573700569.639395 — [Venous] Pass 2 rejected: centroid 13.7mm > Pass1 0.9mm — reverted.
2026-06-14T15:48:10 [WARNING ] pipeline.registration.1.2.392.200036.9116.2.5.1.37.2418751871.1574734831.134817 — [Arterial] Pass 2 rejected: centroid 11.5mm > Pass1 3.1mm — reverted.
2026-06-14T15:48:10 [INFO    ] pipeline.registration.1.2.392.200036.9116.2.5.1.37.2418751871.1574308298.505216 — Starting registration: 1.2.392.200036.9116.2.5.1.37.2418751871.1574308298.505216
2026-06-14T15:48:39 [WARNING ] pipeline.registration.1.2.392.200036.9116.2.5.1.37.2418751871.1574308298.505216 — [Arterial] Pass 0 Kabsch refinement-set residual 32.6mm > 20mm
2026-06-14T15:50:18 [WARNING ] pipeline.registration.1.2.392.200036.9116.2.5.1.37.2418751871.1574734831.134817 — [Venous] Pass 2 rejected: centroid 28.2mm > Pass1 1.3mm — reverted.
2026-06-14T15:50:20 [INFO    ] pipeline.registration.1.2.392.200036.9116.2.5.1.37.2418751871.1574736893.449879 — Starting registration: 1.2.392.200036.9116.2.5.1.37.2418751871.1574736893.449879
2026-06-14T15:50:25 [WARNING ] pipeline.registration.1.2.392.200036.9116.2.5.1.37.2418751871.1574308298.505216 — [Arterial] Pass 2 rejected: centroid 10.4mm > Pass1 6.3mm — reverted.
2026-06-14T15:50:48 [WARNING ] pipeline.registration.1.2.392.200036.9116.2.5.1.37.2418751871.1574308298.505216 — [Venous] Pass 0 Kabsch refinement-set residual 36.8mm > 20mm
2026-06-14T15:50:51 [WARNING ] pipeline.registration.1.2.392.200036.9116.2.5.1.37.2418751871.1574736893.449879 — [Arterial] Pass 0 Kabsch refinement-set residual 28.3mm > 20mm
2026-06-14T15:52:28 [WARNING ] pipeline.registration.1.2.392.200036.9116.2.5.1.37.2418751871.1574308298.505216 — [Venous] Pass 2 rejected: centroid 8.8mm > Pass1 2.5mm — reverted.
2026-06-14T15:52:30 [INFO    ] pipeline.registration.1.2.392.200036.9116.2.5.1.37.2418751871.1574651082.95426 — Starting registration: 1.2.392.200036.9116.2.5.1.37.2418751871.1574651082.95426
2026-06-14T15:52:37 [WARNING ] pipeline.registration.1.2.392.200036.9116.2.5.1.37.2418751871.1574736893.449879 — [Arterial] Pass 2 rejected: centroid 3.2mm > Pass1 1.6mm — reverted.
2026-06-14T15:52:58 [WARNING ] pipeline.registration.1.2.392.200036.9116.2.5.1.37.2418751871.1574651082.95426 — [Arterial] Pass 0 Kabsch refinement-set residual 74.2mm > 20mm
2026-06-14T15:53:02 [WARNING ] pipeline.registration.1.2.392.200036.9116.2.5.1.37.2418751871.1574736893.449879 — [Venous] Pass 0 Kabsch refinement-set residual 41.8mm > 20mm
2026-06-14T15:54:51 [WARNING ] pipeline.registration.1.2.392.200036.9116.2.5.1.37.2418751871.1574651082.95426 — [Arterial] Pass 2 rejected: centroid 22.0mm > Pass1 6.3mm — reverted.
2026-06-14T15:54:58 [WARNING ] pipeline.registration.1.2.392.200036.9116.2.5.1.37.2418751871.1574736893.449879 — [Venous] Pass 2 rejected: centroid 8.1mm > Pass1 6.4mm — reverted.
2026-06-14T15:55:00 [INFO    ] pipeline.registration.1.2.840.113619.2.278.3.717616.166.1580339212.908 — Starting registration: 1.2.840.113619.2.278.3.717616.166.1580339212.908
2026-06-14T15:55:13 [WARNING ] pipeline.registration.1.2.392.200036.9116.2.5.1.37.2418751871.1574651082.95426 — [Venous] Pass 0 Kabsch refinement-set residual 28.6mm > 20mm
2026-06-14T15:56:47 [WARNING ] pipeline.registration.1.2.392.200036.9116.2.5.1.37.2418751871.1574651082.95426 — [Venous] Pass 2 rejected: centroid 6.3mm > Pass1 1.7mm — reverted.
2026-06-14T15:56:49 [INFO    ] pipeline.registration.1.2.392.200036.9116.2.5.1.37.2418751871.1574652927.757399 — Starting registration: 1.2.392.200036.9116.2.5.1.37.2418751871.1574652927.757399
2026-06-14T15:57:36 [WARNING ] pipeline.registration.1.2.840.113619.2.278.3.717616.166.1580339212.908 — [Arterial] Pass 2 rejected: centroid 33.6mm > Pass1 1.5mm — reverted.
2026-06-14T15:58:47 [WARNING ] pipeline.registration.1.2.392.200036.9116.2.5.1.37.2418751871.1574652927.757399 — [Arterial] Pass 2 rejected: centroid 28.8mm > Pass1 2.6mm — reverted.
2026-06-14T15:59:44 [WARNING ] pipeline.registration.1.2.840.113619.2.278.3.717616.166.1580339212.908 — [Venous] Pass 2 rejected: centroid 9.8mm > Pass1 2.4mm — reverted.
2026-06-14T15:59:46 [INFO    ] pipeline.registration.1.2.840.113619.2.278.3.717616.166.1580339213.591 — Starting registration: 1.2.840.113619.2.278.3.717616.166.1580339213.591
2026-06-14T16:00:34 [WARNING ] pipeline.registration.1.2.392.200036.9116.2.5.1.37.2418751871.1574652927.757399 — [Venous] Pass 2 rejected: centroid 91.8mm > Pass1 0.9mm — reverted.
2026-06-14T16:00:36 [INFO    ] pipeline.registration.1.2.392.200036.9116.2.5.1.37.2418751871.1574734831.134817 — Starting registration: 1.2.392.200036.9116.2.5.1.37.2418751871.1574734831.134817
2026-06-14T16:01:03 [WARNING ] pipeline.registration.1.2.392.200036.9116.2.5.1.37.2418751871.1574734831.134817 — [Arterial] Pass 0 Kabsch refinement-set residual 43.0mm > 20mm
2026-06-14T16:02:02 [WARNING ] pipeline.registration.1.2.840.113619.2.278.3.717616.166.1580339213.591 — [Venous] Pass 2 rejected: centroid 6.9mm > Pass1 1.8mm — reverted.
2026-06-14T16:02:05 [INFO    ] pipeline.registration.1.2.840.113619.2.278.3.717616.166.1580339218.937 — Starting registration: 1.2.840.113619.2.278.3.717616.166.1580339218.937
2026-06-14T16:02:38 [WARNING ] pipeline.registration.1.2.392.200036.9116.2.5.1.37.2418751871.1574734831.134817 — [Arterial] Pass 2 rejected: centroid 26.6mm > Pass1 3.2mm — reverted.
2026-06-14T16:04:40 [WARNING ] pipeline.registration.1.2.840.113619.2.278.3.717616.166.1580339218.937 — [Arterial] Pass 2 rejected: centroid 51.8mm > Pass1 1.3mm — reverted.
2026-06-14T16:04:55 [WARNING ] pipeline.registration.1.2.392.200036.9116.2.5.1.37.2418751871.1574734831.134817 — [Venous] Pass 2 rejected: centroid 28.2mm > Pass1 1.3mm — reverted.
2026-06-14T16:04:58 [INFO    ] pipeline.registration.1.2.392.200036.9116.2.5.1.37.2418751871.1574736893.449879 — Starting registration: 1.2.392.200036.9116.2.5.1.37.2418751871.1574736893.449879
2026-06-14T16:05:06 [WARNING ] pipeline.registration.1.2.840.113619.2.278.3.717616.166.1580339218.937 — [Venous] Pass 0 Kabsch refinement-set residual 20.0mm > 20mm
2026-06-14T16:05:28 [WARNING ] pipeline.registration.1.2.392.200036.9116.2.5.1.37.2418751871.1574736893.449879 — [Arterial] Pass 0 Kabsch refinement-set residual 28.4mm > 20mm
2026-06-14T16:07:01 [WARNING ] pipeline.registration.1.2.840.113619.2.278.3.717616.166.1580339218.937 — [Venous] Pass 2 rejected: centroid 19.6mm > Pass1 5.7mm — reverted.
2026-06-14T16:07:03 [INFO    ] pipeline.registration.1.2.840.113619.2.278.3.717616.166.1580339223.519 — Starting registration: 1.2.840.113619.2.278.3.717616.166.1580339223.519
2026-06-14T16:07:10 [WARNING ] pipeline.registration.1.2.392.200036.9116.2.5.1.37.2418751871.1574736893.449879 — [Arterial] Pass 2 rejected: centroid 12.6mm > Pass1 1.8mm — reverted.
2026-06-14T16:07:36 [WARNING ] pipeline.registration.1.2.392.200036.9116.2.5.1.37.2418751871.1574736893.449879 — [Venous] Pass 0 Kabsch refinement-set residual 61.9mm > 20mm
2026-06-14T16:09:13 [WARNING ] pipeline.registration.1.2.840.113619.2.278.3.717616.166.1580339223.519 — [Arterial] Pass 2 rejected: centroid 28.5mm > Pass1 1.0mm — reverted.
2026-06-14T16:09:34 [WARNING ] pipeline.registration.1.2.392.200036.9116.2.5.1.37.2418751871.1574736893.449879 — [Venous] Pass 2 rejected: centroid 8.8mm > Pass1 6.9mm — reverted.
2026-06-14T16:09:36 [INFO    ] pipeline.registration.1.2.840.113619.2.278.3.717616.166.1580339212.908 — Starting registration: 1.2.840.113619.2.278.3.717616.166.1580339212.908
2026-06-14T16:11:18 [WARNING ] pipeline.registration.1.2.840.113619.2.278.3.717616.166.1580339223.519 — [Venous] Pass 2 rejected: centroid 237.9mm > Pass1 1.2mm — reverted.
2026-06-14T16:11:21 [INFO    ] pipeline.registration.1.2.840.113619.2.278.3.717616.166.1580339223.956 — Starting registration: 1.2.840.113619.2.278.3.717616.166.1580339223.956
2026-06-14T16:11:48 [WARNING ] pipeline.registration.1.2.840.113619.2.278.3.717616.166.1580339212.908 — [Arterial] Pass 2 rejected: centroid 15.6mm > Pass1 1.6mm — reverted.
2026-06-14T16:13:57 [WARNING ] pipeline.registration.1.2.840.113619.2.278.3.717616.166.1580339223.956 — [Arterial] Pass 2 rejected: centroid 27.6mm > Pass1 3.1mm — reverted.
2026-06-14T16:14:07 [WARNING ] pipeline.registration.1.2.840.113619.2.278.3.717616.166.1580339212.908 — [Venous] Pass 2 rejected: centroid 28.9mm > Pass1 2.4mm — reverted.
2026-06-14T16:14:09 [INFO    ] pipeline.registration.1.2.840.113619.2.278.3.717616.166.1580339213.591 — Starting registration: 1.2.840.113619.2.278.3.717616.166.1580339213.591
2026-06-14T16:16:17 [WARNING ] pipeline.registration.1.2.840.113619.2.278.3.717616.166.1580339223.956 — [Venous] Pass 2 rejected: centroid 6.3mm > Pass1 4.7mm — reverted.
2026-06-14T16:16:20 [INFO    ] pipeline.registration.1.2.840.113619.2.278.3.717616.166.1580339224.657 — Starting registration: 1.2.840.113619.2.278.3.717616.166.1580339224.657
2026-06-14T16:16:34 [WARNING ] pipeline.registration.1.2.840.113619.2.278.3.717616.166.1580339213.591 — [Venous] Pass 2 rejected: centroid 8.6mm > Pass1 1.8mm — reverted.
2026-06-14T16:16:37 [INFO    ] pipeline.registration.1.2.840.113619.2.278.3.717616.166.1580339218.937 — Starting registration: 1.2.840.113619.2.278.3.717616.166.1580339218.937
2026-06-14T16:18:34 [WARNING ] pipeline.registration.1.2.840.113619.2.278.3.717616.166.1580339224.657 — [Arterial] Pass 2 rejected: centroid 7.3mm > Pass1 1.1mm — reverted.
2026-06-14T16:18:57 [WARNING ] pipeline.registration.1.2.840.113619.2.278.3.717616.166.1580339218.937 — [Arterial] Pass 2 rejected: centroid 25.5mm > Pass1 1.4mm — reverted.
2026-06-14T16:19:22 [WARNING ] pipeline.registration.1.2.840.113619.2.278.3.717616.166.1580339218.937 — [Venous] Pass 0 Kabsch refinement-set residual 22.2mm > 20mm
2026-06-14T16:20:56 [WARNING ] pipeline.registration.1.2.840.113619.2.278.3.717616.166.1580339224.657 — [Venous] Pass 2 rejected: centroid 29.1mm > Pass1 1.1mm — reverted.
2026-06-14T16:20:59 [INFO    ] pipeline.registration.1.2.840.113619.2.278.3.717616.166.1580339230.481 — Starting registration: 1.2.840.113619.2.278.3.717616.166.1580339230.481
2026-06-14T16:21:17 [WARNING ] pipeline.registration.1.2.840.113619.2.278.3.717616.166.1580339218.937 — [Venous] Pass 2 rejected: centroid 7.1mm > Pass1 5.7mm — reverted.
2026-06-14T16:21:21 [INFO    ] pipeline.registration.1.2.840.113619.2.278.3.717616.166.1580339223.519 — Starting registration: 1.2.840.113619.2.278.3.717616.166.1580339223.519
2026-06-14T16:23:20 [WARNING ] pipeline.registration.1.2.840.113619.2.278.3.717616.166.1580339230.481 — [Arterial] Pass 2 rejected: centroid 22.5mm > Pass1 1.9mm — reverted.
2026-06-14T16:23:35 [WARNING ] pipeline.registration.1.2.840.113619.2.278.3.717616.166.1580339223.519 — [Arterial] Pass 2 rejected: centroid 84.6mm > Pass1 0.8mm — reverted.
2026-06-14T16:25:16 [WARNING ] pipeline.registration.1.2.840.113619.2.278.3.717616.166.1580339230.481 — [Venous] Pass 2 rejected: centroid 20.9mm > Pass1 1.7mm — reverted.
2026-06-14T16:25:19 [INFO    ] pipeline.registration.1.2.840.113619.2.278.3.717616.202.1592287869.821 — Starting registration: 1.2.840.113619.2.278.3.717616.202.1592287869.821
2026-06-14T16:25:38 [WARNING ] pipeline.registration.1.2.840.113619.2.278.3.717616.166.1580339223.519 — [Venous] Pass 2 rejected: centroid 15.0mm > Pass1 1.2mm — reverted.
2026-06-14T16:25:41 [INFO    ] pipeline.registration.1.2.840.113619.2.278.3.717616.166.1580339223.956 — Starting registration: 1.2.840.113619.2.278.3.717616.166.1580339223.956
2026-06-14T16:27:29 [WARNING ] pipeline.registration.1.2.840.113619.2.278.3.717616.202.1592287869.821 — [Arterial] Pass 2 rejected: centroid 60.0mm > Pass1 1.2mm — reverted.
2026-06-14T16:27:56 [WARNING ] pipeline.registration.1.2.840.113619.2.278.3.717616.166.1580339223.956 — [Arterial] Pass 2 rejected: centroid 9.5mm > Pass1 3.4mm — reverted.
2026-06-14T16:29:38 [WARNING ] pipeline.registration.1.2.840.113619.2.278.3.717616.202.1592287869.821 — [Venous] Pass 2 rejected: centroid 96.8mm > Pass1 1.2mm — reverted.
2026-06-14T16:29:41 [INFO    ] pipeline.registration.1.2.840.113619.2.278.3.717616.202.1592287871.359 — Starting registration: 1.2.840.113619.2.278.3.717616.202.1592287871.359
2026-06-14T16:30:14 [WARNING ] pipeline.registration.1.2.840.113619.2.278.3.717616.166.1580339223.956 — [Venous] Pass 2 rejected: centroid 26.2mm > Pass1 4.6mm — reverted.
2026-06-14T16:30:17 [INFO    ] pipeline.registration.1.2.840.113619.2.278.3.717616.166.1580339224.657 — Starting registration: 1.2.840.113619.2.278.3.717616.166.1580339224.657
2026-06-14T16:31:59 [WARNING ] pipeline.registration.1.2.840.113619.2.278.3.717616.202.1592287871.359 — [Arterial] Pass 2 rejected: centroid 98.3mm > Pass1 2.4mm — reverted.
2026-06-14T16:32:39 [WARNING ] pipeline.registration.1.2.840.113619.2.278.3.717616.166.1580339224.657 — [Arterial] Pass 2 rejected: centroid 30.7mm > Pass1 1.1mm — reverted.
2026-06-14T16:34:12 [WARNING ] pipeline.registration.1.2.840.113619.2.278.3.717616.202.1592287871.359 — [Venous] Pass 2 rejected: centroid 41.3mm > Pass1 2.7mm — reverted.
2026-06-14T16:34:15 [INFO    ] pipeline.registration.1.2.840.113619.2.278.3.717616.202.1592287875.688 — Starting registration: 1.2.840.113619.2.278.3.717616.202.1592287875.688
2026-06-14T16:35:06 [WARNING ] pipeline.registration.1.2.840.113619.2.278.3.717616.166.1580339224.657 — [Venous] Pass 2 rejected: centroid 30.9mm > Pass1 1.0mm — reverted.
2026-06-14T16:35:09 [INFO    ] pipeline.registration.1.2.840.113619.2.278.3.717616.166.1580339230.481 — Starting registration: 1.2.840.113619.2.278.3.717616.166.1580339230.481
2026-06-14T16:36:15 [WARNING ] pipeline.registration.1.2.840.113619.2.278.3.717616.202.1592287875.688 — [Arterial] Pass 2 rejected: centroid 27.4mm > Pass1 1.2mm — reverted.
2026-06-14T16:37:20 [WARNING ] pipeline.registration.1.2.840.113619.2.278.3.717616.166.1580339230.481 — [Arterial] Pass 2 rejected: centroid 22.5mm > Pass1 1.9mm — reverted.
2026-06-14T16:38:21 [WARNING ] pipeline.registration.1.2.840.113619.2.278.3.717616.202.1592287875.688 — [Venous] Pass 2 rejected: centroid 5.3mm > Pass1 1.1mm — reverted.
2026-06-14T16:38:23 [INFO    ] pipeline.registration.1.2.840.113619.2.278.3.717616.202.1592287876.601 — Starting registration: 1.2.840.113619.2.278.3.717616.202.1592287876.601
2026-06-14T16:39:24 [WARNING ] pipeline.registration.1.2.840.113619.2.278.3.717616.166.1580339230.481 — [Venous] Pass 2 rejected: centroid 20.9mm > Pass1 1.7mm — reverted.
2026-06-14T16:39:26 [INFO    ] pipeline.registration.1.2.840.113619.2.278.3.717616.202.1592287869.821 — Starting registration: 1.2.840.113619.2.278.3.717616.202.1592287869.821
2026-06-14T16:40:44 [WARNING ] pipeline.registration.1.2.840.113619.2.278.3.717616.202.1592287876.601 — [Arterial] Pass 2 rejected: centroid 13.4mm > Pass1 2.1mm — reverted.
2026-06-14T16:41:43 [WARNING ] pipeline.registration.1.2.840.113619.2.278.3.717616.202.1592287869.821 — [Arterial] Pass 2 rejected: centroid 60.0mm > Pass1 1.2mm — reverted.
2026-06-14T16:43:09 [WARNING ] pipeline.registration.1.2.840.113619.2.278.3.717616.202.1592287876.601 — [Venous] Pass 2 rejected: centroid 19.0mm > Pass1 3.7mm — reverted.
2026-06-14T16:43:12 [INFO    ] pipeline.registration.1.2.840.113619.2.278.3.717616.202.1592287879.955 — Starting registration: 1.2.840.113619.2.278.3.717616.202.1592287879.955
2026-06-14T16:43:47 [WARNING ] pipeline.registration.1.2.840.113619.2.278.3.717616.202.1592287869.821 — [Venous] Pass 2 rejected: centroid 43.9mm > Pass1 1.2mm — reverted.
2026-06-14T16:43:49 [INFO    ] pipeline.registration.1.2.840.113619.2.278.3.717616.202.1592287871.359 — Starting registration: 1.2.840.113619.2.278.3.717616.202.1592287871.359
2026-06-14T16:45:19 [WARNING ] pipeline.registration.1.2.840.113619.2.278.3.717616.202.1592287879.955 — [Arterial] Pass 2 rejected: centroid 39.6mm > Pass1 1.9mm — reverted.
2026-06-14T16:46:05 [WARNING ] pipeline.registration.1.2.840.113619.2.278.3.717616.202.1592287871.359 — [Arterial] Pass 2 rejected: centroid 8.5mm > Pass1 2.4mm — reverted.
2026-06-14T16:47:35 [WARNING ] pipeline.registration.1.2.840.113619.2.278.3.717616.202.1592287879.955 — [Venous] Pass 2 rejected: centroid 5.6mm > Pass1 1.6mm — reverted.
2026-06-14T16:47:37 [INFO    ] pipeline.registration.1.2.840.113619.2.278.3.717616.202.1592287881.707 — Starting registration: 1.2.840.113619.2.278.3.717616.202.1592287881.707
2026-06-14T16:48:26 [WARNING ] pipeline.registration.1.2.840.113619.2.278.3.717616.202.1592287871.359 — [Venous] Pass 2 rejected: centroid 23.8mm > Pass1 2.8mm — reverted.
2026-06-14T16:48:28 [INFO    ] pipeline.registration.1.2.840.113619.2.278.3.717616.202.1592287875.688 — Starting registration: 1.2.840.113619.2.278.3.717616.202.1592287875.688
2026-06-14T16:50:16 [WARNING ] pipeline.registration.1.2.840.113619.2.278.3.717616.202.1592287881.707 — [Arterial] Pass 2 rejected: centroid 66.7mm > Pass1 1.2mm — reverted.
2026-06-14T16:50:29 [WARNING ] pipeline.registration.1.2.840.113619.2.278.3.717616.202.1592287875.688 — [Arterial] Pass 2 rejected: centroid 31.3mm > Pass1 1.2mm — reverted.
2026-06-14T16:52:37 [WARNING ] pipeline.registration.1.2.840.113619.2.278.3.717616.202.1592287875.688 — [Venous] Pass 2 rejected: centroid 6.1mm > Pass1 1.1mm — reverted.
2026-06-14T16:52:40 [INFO    ] pipeline.registration.1.2.840.113619.2.278.3.717616.202.1592287876.601 — Starting registration: 1.2.840.113619.2.278.3.717616.202.1592287876.601
2026-06-14T16:52:44 [WARNING ] pipeline.registration.1.2.840.113619.2.278.3.717616.202.1592287881.707 — [Venous] Pass 2 rejected: centroid 33.5mm > Pass1 2.3mm — reverted.
2026-06-14T16:52:46 [INFO    ] pipeline.registration.1.2.840.113619.2.278.3.717616.204.1584947859.517 — Starting registration: 1.2.840.113619.2.278.3.717616.204.1584947859.517
2026-06-14T16:54:37 [WARNING ] pipeline.registration.1.2.840.113619.2.278.3.717616.204.1584947859.517 — [Arterial] Pass 2 rejected: centroid 33.5mm > Pass1 1.4mm — reverted.
2026-06-14T16:54:58 [WARNING ] pipeline.registration.1.2.840.113619.2.278.3.717616.202.1592287876.601 — [Arterial] Pass 2 rejected: centroid 7.6mm > Pass1 2.0mm — reverted.
2026-06-14T16:56:30 [WARNING ] pipeline.registration.1.2.840.113619.2.278.3.717616.204.1584947859.517 — [Venous] Pass 2 rejected: centroid 89.5mm > Pass1 2.0mm — reverted.
2026-06-14T16:56:32 [INFO    ] pipeline.registration.1.2.840.113619.2.278.3.717616.204.1584947875.688 — Starting registration: 1.2.840.113619.2.278.3.717616.204.1584947875.688
2026-06-14T16:57:13 [WARNING ] pipeline.registration.1.2.840.113619.2.278.3.717616.202.1592287876.601 — [Venous] Pass 2 rejected: centroid 8.3mm > Pass1 3.5mm — reverted.
2026-06-14T16:57:16 [INFO    ] pipeline.registration.1.2.840.113619.2.278.3.717616.202.1592287879.955 — Starting registration: 1.2.840.113619.2.278.3.717616.202.1592287879.955
2026-06-14T16:58:27 [WARNING ] pipeline.registration.1.2.840.113619.2.278.3.717616.204.1584947875.688 — [Arterial] Pass 2 rejected: centroid 19.1mm > Pass1 1.5mm — reverted.
2026-06-14T16:59:40 [WARNING ] pipeline.registration.1.2.840.113619.2.278.3.717616.202.1592287879.955 — [Arterial] Pass 2 rejected: centroid 11.1mm > Pass1 1.9mm — reverted.
2026-06-14T17:00:27 [WARNING ] pipeline.registration.1.2.840.113619.2.278.3.717616.204.1584947875.688 — [Venous] Pass 2 rejected: centroid 25.7mm > Pass1 1.4mm — reverted.
2026-06-14T17:00:29 [INFO    ] pipeline.registration.1.2.840.113619.2.278.3.717616.204.1584947878.721 — Starting registration: 1.2.840.113619.2.278.3.717616.204.1584947878.721
2026-06-14T17:02:00 [WARNING ] pipeline.registration.1.2.840.113619.2.278.3.717616.202.1592287879.955 — [Venous] Pass 2 rejected: centroid 84.9mm > Pass1 1.5mm — reverted.
2026-06-14T17:02:02 [INFO    ] pipeline.registration.1.2.840.113619.2.278.3.717616.202.1592287881.707 — Starting registration: 1.2.840.113619.2.278.3.717616.202.1592287881.707
2026-06-14T17:02:05 [WARNING ] pipeline.registration.1.2.840.113619.2.278.3.717616.204.1584947878.721 — [Arterial] Pass 2 rejected: centroid 25.1mm > Pass1 2.0mm — reverted.
2026-06-14T17:03:21 [WARNING ] pipeline.registration.1.2.840.113619.2.278.3.717616.204.1584947878.721 — [Venous] Pass 2 rejected: centroid 4.6mm > Pass1 2.6mm — reverted.
2026-06-14T17:03:22 [INFO    ] pipeline.registration.1.2.840.113619.2.278.3.717616.204.1584947881.751 — Starting registration: 1.2.840.113619.2.278.3.717616.204.1584947881.751
2026-06-14T17:04:32 [WARNING ] pipeline.registration.1.2.840.113619.2.278.3.717616.202.1592287881.707 — [Arterial] Pass 2 rejected: centroid 3.4mm > Pass1 1.1mm — reverted.
2026-06-14T17:05:18 [WARNING ] pipeline.registration.1.2.840.113619.2.278.3.717616.204.1584947881.751 — [Arterial] Pass 2 rejected: centroid 5.7mm > Pass1 1.3mm — reverted.
2026-06-14T17:07:02 [WARNING ] pipeline.registration.1.2.840.113619.2.278.3.717616.202.1592287881.707 — [Venous] Pass 2 rejected: centroid 4.8mm > Pass1 2.2mm — reverted.
2026-06-14T17:07:06 [INFO    ] pipeline.registration.1.2.840.113619.2.278.3.717616.204.1584947859.517 — Starting registration: 1.2.840.113619.2.278.3.717616.204.1584947859.517
2026-06-14T17:07:07 [WARNING ] pipeline.registration.1.2.840.113619.2.278.3.717616.204.1584947881.751 — [Venous] Pass 2 rejected: centroid 5.6mm > Pass1 2.3mm — reverted.
2026-06-14T17:07:09 [INFO    ] pipeline.registration.1.2.840.113619.2.278.3.717616.204.1584947883.344 — Starting registration: 1.2.840.113619.2.278.3.717616.204.1584947883.344
2026-06-14T17:09:19 [WARNING ] pipeline.registration.1.2.840.113619.2.278.3.717616.204.1584947859.517 — [Arterial] Pass 2 rejected: centroid 24.0mm > Pass1 1.4mm — reverted.
2026-06-14T17:09:30 [WARNING ] pipeline.registration.1.2.840.113619.2.278.3.717616.204.1584947883.344 — [Arterial] Pass 2 rejected: centroid 9.3mm > Pass1 0.9mm — reverted.
2026-06-14T17:11:13 [WARNING ] pipeline.registration.1.2.840.113619.2.278.3.717616.204.1584947859.517 — [Venous] Pass 2 rejected: centroid 214.3mm > Pass1 2.0mm — reverted.
2026-06-14T17:11:17 [INFO    ] pipeline.registration.1.2.840.113619.2.278.3.717616.204.1584947875.688 — Starting registration: 1.2.840.113619.2.278.3.717616.204.1584947875.688
2026-06-14T17:11:42 [WARNING ] pipeline.registration.1.2.840.113619.2.278.3.717616.204.1584947883.344 — [Venous] Pass 2 rejected: centroid 45.0mm > Pass1 0.8mm — reverted.
2026-06-14T17:11:44 [INFO    ] pipeline.registration.1.2.840.113619.2.278.3.717616.204.1584947888.428 — Starting registration: 1.2.840.113619.2.278.3.717616.204.1584947888.428
2026-06-14T17:13:15 [WARNING ] pipeline.registration.1.2.840.113619.2.278.3.717616.204.1584947875.688 — [Arterial] Pass 2 rejected: centroid 3.9mm > Pass1 1.5mm — reverted.
2026-06-14T17:13:35 [WARNING ] pipeline.registration.1.2.840.113619.2.278.3.717616.204.1584947888.428 — [Arterial] Pass 2 rejected: centroid 3.9mm > Pass1 1.7mm — reverted.
2026-06-14T17:15:06 [WARNING ] pipeline.registration.1.2.840.113619.2.278.3.717616.204.1584947875.688 — [Venous] Pass 2 rejected: centroid 8.5mm > Pass1 1.4mm — reverted.
2026-06-14T17:15:09 [INFO    ] pipeline.registration.1.2.840.113619.2.278.3.717616.204.1584947878.721 — Starting registration: 1.2.840.113619.2.278.3.717616.204.1584947878.721
2026-06-14T17:15:31 [WARNING ] pipeline.registration.1.2.840.113619.2.278.3.717616.204.1584947888.428 — [Venous] Pass 2 rejected: centroid 82.8mm > Pass1 2.0mm — reverted.
2026-06-14T17:15:33 [INFO    ] pipeline.registration.1.2.840.113619.2.278.3.717616.204.1584947890.185 — Starting registration: 1.2.840.113619.2.278.3.717616.204.1584947890.185
2026-06-14T17:16:49 [WARNING ] pipeline.registration.1.2.840.113619.2.278.3.717616.204.1584947878.721 — [Arterial] Pass 2 rejected: centroid 6.9mm > Pass1 1.9mm — reverted.
2026-06-14T17:17:37 [WARNING ] pipeline.registration.1.2.840.113619.2.278.3.717616.204.1584947890.185 — [Arterial] Pass 2 rejected: centroid 114.7mm > Pass1 0.5mm — reverted.
2026-06-14T17:18:20 [WARNING ] pipeline.registration.1.2.840.113619.2.278.3.717616.204.1584947878.721 — [Venous] Pass 2 rejected: centroid 20.4mm > Pass1 2.6mm — reverted.
2026-06-14T17:18:22 [INFO    ] pipeline.registration.1.2.840.113619.2.278.3.717616.204.1584947881.751 — Starting registration: 1.2.840.113619.2.278.3.717616.204.1584947881.751
2026-06-14T17:19:45 [WARNING ] pipeline.registration.1.2.840.113619.2.278.3.717616.204.1584947890.185 — [Venous] Pass 2 rejected: centroid 11.4mm > Pass1 1.0mm — reverted.
2026-06-14T17:19:48 [INFO    ] pipeline.registration.1.2.840.113619.2.278.3.717616.215.1582589428.278 — Starting registration: 1.2.840.113619.2.278.3.717616.215.1582589428.278
2026-06-14T17:20:19 [WARNING ] pipeline.registration.1.2.840.113619.2.278.3.717616.204.1584947881.751 — [Arterial] Pass 2 rejected: centroid 5.7mm > Pass1 1.3mm — reverted.
2026-06-14T17:22:01 [WARNING ] pipeline.registration.1.2.840.113619.2.278.3.717616.215.1582589428.278 — [Arterial] Pass 2 rejected: centroid 36.2mm > Pass1 1.5mm — reverted.
2026-06-14T17:22:05 [WARNING ] pipeline.registration.1.2.840.113619.2.278.3.717616.204.1584947881.751 — [Venous] Pass 2 rejected: centroid 5.6mm > Pass1 2.3mm — reverted.
2026-06-14T17:22:07 [INFO    ] pipeline.registration.1.2.840.113619.2.278.3.717616.204.1584947883.344 — Starting registration: 1.2.840.113619.2.278.3.717616.204.1584947883.344
2026-06-14T17:24:24 [WARNING ] pipeline.registration.1.2.840.113619.2.278.3.717616.215.1582589428.278 — [Venous] Pass 2 rejected: centroid 63.4mm > Pass1 3.0mm — reverted.
2026-06-14T17:24:27 [INFO    ] pipeline.registration.1.2.840.113619.2.278.3.717616.228.1585527915.93 — Starting registration: 1.2.840.113619.2.278.3.717616.228.1585527915.93
2026-06-14T17:24:35 [WARNING ] pipeline.registration.1.2.840.113619.2.278.3.717616.204.1584947883.344 — [Arterial] Pass 2 rejected: centroid 63.6mm > Pass1 0.8mm — reverted.
2026-06-14T17:26:43 [WARNING ] pipeline.registration.1.2.840.113619.2.278.3.717616.204.1584947883.344 — [Venous] Pass 2 rejected: centroid 43.5mm > Pass1 0.8mm — reverted.
2026-06-14T17:26:45 [INFO    ] pipeline.registration.1.2.840.113619.2.278.3.717616.204.1584947888.428 — Starting registration: 1.2.840.113619.2.278.3.717616.204.1584947888.428
2026-06-14T17:26:58 [WARNING ] pipeline.registration.1.2.840.113619.2.278.3.717616.228.1585527915.93 — [Arterial] Pass 2 rejected: centroid 51.1mm > Pass1 1.2mm — reverted.
2026-06-14T17:29:05 [WARNING ] pipeline.registration.1.2.840.113619.2.278.3.717616.204.1584947888.428 — [Arterial] Pass 2 rejected: centroid 64.6mm > Pass1 1.6mm — reverted.
2026-06-14T17:29:26 [WARNING ] pipeline.registration.1.2.840.113619.2.278.3.717616.228.1585527915.93 — [Venous] Pass 2 rejected: centroid 4.8mm > Pass1 0.9mm — reverted.
2026-06-14T17:29:28 [INFO    ] pipeline.registration.1.2.840.113619.2.278.3.717616.228.1585527919.20 — Starting registration: 1.2.840.113619.2.278.3.717616.228.1585527919.20
2026-06-14T17:31:01 [WARNING ] pipeline.registration.1.2.840.113619.2.278.3.717616.204.1584947888.428 — [Venous] Pass 2 rejected: centroid 33.3mm > Pass1 2.0mm — reverted.
2026-06-14T17:31:03 [INFO    ] pipeline.registration.1.2.840.113619.2.278.3.717616.204.1584947890.185 — Starting registration: 1.2.840.113619.2.278.3.717616.204.1584947890.185
2026-06-14T17:31:53 [WARNING ] pipeline.registration.1.2.840.113619.2.278.3.717616.228.1585527919.20 — [Arterial] Pass 2 rejected: centroid 114.9mm > Pass1 2.2mm — reverted.
2026-06-14T17:33:11 [WARNING ] pipeline.registration.1.2.840.113619.2.278.3.717616.204.1584947890.185 — [Arterial] Pass 2 rejected: centroid 33.8mm > Pass1 0.5mm — reverted.
2026-06-14T17:33:55 [WARNING ] pipeline.registration.1.2.840.113619.2.278.3.717616.228.1585527919.20 — [Venous] Pass 2 rejected: centroid 35.5mm > Pass1 2.6mm — reverted.
2026-06-14T17:33:57 [INFO    ] pipeline.registration.1.2.840.113619.2.278.3.717616.228.1585527923.702 — Starting registration: 1.2.840.113619.2.278.3.717616.228.1585527923.702
2026-06-14T17:35:06 [WARNING ] pipeline.registration.1.2.840.113619.2.278.3.717616.204.1584947890.185 — [Venous] Pass 2 rejected: centroid 18.0mm > Pass1 0.9mm — reverted.
2026-06-14T17:35:09 [INFO    ] pipeline.registration.1.2.840.113619.2.278.3.717616.215.1582589428.278 — Starting registration: 1.2.840.113619.2.278.3.717616.215.1582589428.278
2026-06-14T17:36:25 [WARNING ] pipeline.registration.1.2.840.113619.2.278.3.717616.228.1585527923.702 — [Arterial] Pass 2 rejected: centroid 15.4mm > Pass1 1.9mm — reverted.
2026-06-14T17:37:21 [WARNING ] pipeline.registration.1.2.840.113619.2.278.3.717616.215.1582589428.278 — [Arterial] Pass 2 rejected: centroid 46.5mm > Pass1 1.5mm — reverted.
2026-06-14T17:38:51 [WARNING ] pipeline.registration.1.2.840.113619.2.278.3.717616.228.1585527923.702 — [Venous] Pass 2 rejected: centroid 128.3mm > Pass1 1.5mm — reverted.
2026-06-14T17:38:55 [INFO    ] pipeline.registration.1.2.840.113619.2.278.3.717616.228.1585527924.199 — Starting registration: 1.2.840.113619.2.278.3.717616.228.1585527924.199
2026-06-14T17:39:32 [WARNING ] pipeline.registration.1.2.840.113619.2.278.3.717616.215.1582589428.278 — [Venous] Pass 2 rejected: centroid 17.2mm > Pass1 3.1mm — reverted.
2026-06-14T17:39:35 [INFO    ] pipeline.registration.1.2.840.113619.2.278.3.717616.228.1585527915.93 — Starting registration: 1.2.840.113619.2.278.3.717616.228.1585527915.93
2026-06-14T17:41:09 [WARNING ] pipeline.registration.1.2.840.113619.2.278.3.717616.228.1585527924.199 — [Arterial] Pass 2 rejected: centroid 4.5mm > Pass1 3.1mm — reverted.
2026-06-14T17:41:53 [WARNING ] pipeline.registration.1.2.840.113619.2.278.3.717616.228.1585527915.93 — [Arterial] Pass 2 rejected: centroid 51.1mm > Pass1 1.2mm — reverted.
2026-06-14T17:43:10 [WARNING ] pipeline.registration.1.2.840.113619.2.278.3.717616.228.1585527924.199 — [Venous] Pass 2 rejected: centroid 5.3mm > Pass1 3.3mm — reverted.
2026-06-14T17:43:12 [INFO    ] pipeline.registration.1.2.840.113619.2.278.3.717616.239.1576237085.40 — Starting registration: 1.2.840.113619.2.278.3.717616.239.1576237085.40
2026-06-14T17:44:20 [WARNING ] pipeline.registration.1.2.840.113619.2.278.3.717616.228.1585527915.93 — [Venous] Pass 2 rejected: centroid 28.9mm > Pass1 1.1mm — reverted.
2026-06-14T17:44:23 [INFO    ] pipeline.registration.1.2.840.113619.2.278.3.717616.228.1585527919.20 — Starting registration: 1.2.840.113619.2.278.3.717616.228.1585527919.20
2026-06-14T17:45:25 [WARNING ] pipeline.registration.1.2.840.113619.2.278.3.717616.239.1576237085.40 — [Arterial] Pass 2 rejected: centroid 3.7mm > Pass1 3.0mm — reverted.
2026-06-14T17:46:51 [WARNING ] pipeline.registration.1.2.840.113619.2.278.3.717616.228.1585527919.20 — [Arterial] Pass 2 rejected: centroid 26.0mm > Pass1 2.1mm — reverted.
2026-06-14T17:47:26 [WARNING ] pipeline.registration.1.2.840.113619.2.278.3.717616.239.1576237085.40 — [Venous] Pass 2 rejected: centroid 5.1mm > Pass1 2.8mm — reverted.
2026-06-14T17:47:28 [INFO    ] pipeline.registration.1.2.840.113619.2.278.3.717616.239.1576237164.135 — Starting registration: 1.2.840.113619.2.278.3.717616.239.1576237164.135
2026-06-14T17:49:00 [WARNING ] pipeline.registration.1.2.840.113619.2.278.3.717616.228.1585527919.20 — [Venous] Pass 2 rejected: centroid 80.9mm > Pass1 2.6mm — reverted.
2026-06-14T17:49:03 [INFO    ] pipeline.registration.1.2.840.113619.2.278.3.717616.228.1585527923.702 — Starting registration: 1.2.840.113619.2.278.3.717616.228.1585527923.702
2026-06-14T17:49:49 [WARNING ] pipeline.registration.1.2.840.113619.2.278.3.717616.239.1576237164.135 — [Arterial] Pass 2 rejected: centroid 5.8mm > Pass1 2.6mm — reverted.
2026-06-14T17:51:24 [WARNING ] pipeline.registration.1.2.840.113619.2.278.3.717616.228.1585527923.702 — [Arterial] Pass 2 rejected: centroid 61.7mm > Pass1 1.9mm — reverted.
2026-06-14T17:51:46 [WARNING ] pipeline.registration.1.2.840.113619.2.278.3.717616.239.1576237164.135 — [Venous] Pass 2 rejected: centroid 5.4mm > Pass1 1.9mm — reverted.
2026-06-14T17:51:48 [INFO    ] pipeline.registration.1.2.840.113619.2.278.3.717616.239.1576237169.526 — Starting registration: 1.2.840.113619.2.278.3.717616.239.1576237169.526
2026-06-14T17:53:55 [WARNING ] pipeline.registration.1.2.840.113619.2.278.3.717616.228.1585527923.702 — [Venous] Pass 2 rejected: centroid 108.2mm > Pass1 1.2mm — reverted.
2026-06-14T17:53:57 [INFO    ] pipeline.registration.1.2.840.113619.2.278.3.717616.228.1585527924.199 — Starting registration: 1.2.840.113619.2.278.3.717616.228.1585527924.199
2026-06-14T17:55:30 [WARNING ] pipeline.registration.1.2.840.113619.2.278.3.717616.239.1576237169.526 — [Arterial] Pass 2 rejected: centroid 25.5mm > Pass1 1.4mm — reverted.
2026-06-14T17:56:22 [WARNING ] pipeline.registration.1.2.840.113619.2.278.3.717616.228.1585527924.199 — [Arterial] Pass 2 rejected: centroid 7.1mm > Pass1 2.9mm — reverted.
2026-06-14T17:58:19 [WARNING ] pipeline.registration.1.2.840.113619.2.278.3.717616.228.1585527924.199 — [Venous] Pass 2 rejected: centroid 13.8mm > Pass1 3.3mm — reverted.
2026-06-14T17:58:22 [INFO    ] pipeline.registration.1.2.840.113619.2.278.3.717616.239.1576237085.40 — Starting registration: 1.2.840.113619.2.278.3.717616.239.1576237085.40
2026-06-14T17:59:07 [WARNING ] pipeline.registration.1.2.840.113619.2.278.3.717616.239.1576237169.526 — [Venous] Pass 2 rejected: centroid 27.2mm > Pass1 1.5mm — reverted.
2026-06-14T17:59:11 [INFO    ] pipeline.registration.1.2.840.113619.2.278.3.717616.239.1576237177.531 — Starting registration: 1.2.840.113619.2.278.3.717616.239.1576237177.531
2026-06-14T18:00:41 [WARNING ] pipeline.registration.1.2.840.113619.2.278.3.717616.239.1576237177.531 — [Arterial] Pass 2 rejected: centroid 40.9mm > Pass1 1.7mm — reverted.
2026-06-14T18:00:51 [WARNING ] pipeline.registration.1.2.840.113619.2.278.3.717616.239.1576237085.40 — [Arterial] Pass 2 rejected: centroid 34.4mm > Pass1 2.5mm — reverted.
2026-06-14T18:01:57 [WARNING ] pipeline.registration.1.2.840.113619.2.278.3.717616.239.1576237177.531 — [Venous] Pass 2 rejected: centroid 3.2mm > Pass1 1.3mm — reverted.
2026-06-14T18:01:58 [INFO    ] pipeline.registration.1.2.840.113619.2.278.3.717616.239.1576237179.120 — Starting registration: 1.2.840.113619.2.278.3.717616.239.1576237179.120
2026-06-14T18:02:46 [WARNING ] pipeline.registration.1.2.840.113619.2.278.3.717616.239.1576237085.40 — [Venous] Pass 2 rejected: centroid 8.6mm > Pass1 2.9mm — reverted.
2026-06-14T18:02:49 [INFO    ] pipeline.registration.1.2.840.113619.2.278.3.717616.239.1576237164.135 — Starting registration: 1.2.840.113619.2.278.3.717616.239.1576237164.135
2026-06-14T18:04:26 [WARNING ] pipeline.registration.1.2.840.113619.2.278.3.717616.239.1576237179.120 — [Arterial] Pass 2 rejected: centroid 23.7mm > Pass1 2.6mm — reverted.
2026-06-14T18:05:01 [WARNING ] pipeline.registration.1.2.840.113619.2.278.3.717616.239.1576237164.135 — [Arterial] Pass 2 rejected: centroid 6.0mm > Pass1 2.6mm — reverted.
2026-06-14T18:06:32 [WARNING ] pipeline.registration.1.2.840.113619.2.278.3.717616.239.1576237179.120 — [Venous] Pass 2 rejected: centroid 3.4mm > Pass1 2.6mm — reverted.
2026-06-14T18:06:35 [INFO    ] pipeline.registration.1.2.840.113619.2.278.3.717616.249.1585713639.107 — Starting registration: 1.2.840.113619.2.278.3.717616.249.1585713639.107
2026-06-14T18:07:01 [WARNING ] pipeline.registration.1.2.840.113619.2.278.3.717616.239.1576237164.135 — [Venous] Pass 2 rejected: centroid 8.4mm > Pass1 1.8mm — reverted.
2026-06-14T18:07:03 [INFO    ] pipeline.registration.1.2.840.113619.2.278.3.717616.239.1576237169.526 — Starting registration: 1.2.840.113619.2.278.3.717616.239.1576237169.526
2026-06-14T18:08:16 [WARNING ] pipeline.registration.1.2.840.113619.2.278.3.717616.249.1585713639.107 — [Arterial] Pass 2 rejected: centroid 41.6mm > Pass1 1.5mm — reverted.
2026-06-14T18:10:08 [WARNING ] pipeline.registration.1.2.840.113619.2.278.3.717616.249.1585713639.107 — [Venous] Pass 2 rejected: centroid 26.8mm > Pass1 1.4mm — reverted.
2026-06-14T18:10:10 [INFO    ] pipeline.registration.1.2.840.113619.2.278.3.717616.249.1585713641.286 — Starting registration: 1.2.840.113619.2.278.3.717616.249.1585713641.286
2026-06-14T18:10:58 [WARNING ] pipeline.registration.1.2.840.113619.2.278.3.717616.239.1576237169.526 — [Arterial] Pass 2 rejected: centroid 30.0mm > Pass1 1.4mm — reverted.
2026-06-14T18:13:01 [WARNING ] pipeline.registration.1.2.840.113619.2.278.3.717616.249.1585713641.286 — [Arterial] Pass 2 rejected: centroid 5.2mm > Pass1 4.7mm — reverted.
2026-06-14T18:14:20 [WARNING ] pipeline.registration.1.2.840.113619.2.278.3.717616.239.1576237169.526 — [Venous] Pass 2 rejected: centroid 4.4mm > Pass1 1.5mm — reverted.
2026-06-14T18:14:24 [INFO    ] pipeline.registration.1.2.840.113619.2.278.3.717616.239.1576237177.531 — Starting registration: 1.2.840.113619.2.278.3.717616.239.1576237177.531
2026-06-14T18:15:29 [WARNING ] pipeline.registration.1.2.840.113619.2.278.3.717616.249.1585713641.286 — [Venous] Pass 2 rejected: centroid 4.3mm > Pass1 3.7mm — reverted.
2026-06-14T18:15:32 [INFO    ] pipeline.registration.1.2.840.113619.2.278.3.717616.249.1585713643.237 — Starting registration: 1.2.840.113619.2.278.3.717616.249.1585713643.237
2026-06-14T18:15:32 [WARNING ] pipeline.registration.1.2.840.113619.2.278.3.717616.239.1576237177.531 — [Arterial] Pass 2 rejected: centroid 8.4mm > Pass1 1.7mm — reverted.
2026-06-14T18:16:45 [WARNING ] pipeline.registration.1.2.840.113619.2.278.3.717616.239.1576237177.531 — [Venous] Pass 2 rejected: centroid 92.2mm > Pass1 1.3mm — reverted.
2026-06-14T18:16:47 [INFO    ] pipeline.registration.1.2.840.113619.2.278.3.717616.239.1576237179.120 — Starting registration: 1.2.840.113619.2.278.3.717616.239.1576237179.120
2026-06-14T18:17:18 [WARNING ] pipeline.registration.1.2.840.113619.2.278.3.717616.249.1585713643.237 — [Arterial] Pass 2 rejected: centroid 33.2mm > Pass1 1.1mm — reverted.
2026-06-14T18:19:12 [WARNING ] pipeline.registration.1.2.840.113619.2.278.3.717616.239.1576237179.120 — [Arterial] Pass 2 rejected: centroid 3.1mm > Pass1 2.6mm — reverted.
2026-06-14T18:19:14 [WARNING ] pipeline.registration.1.2.840.113619.2.278.3.717616.249.1585713643.237 — [Venous] Pass 2 rejected: centroid 35.7mm > Pass1 1.1mm — reverted.
2026-06-14T18:19:16 [INFO    ] pipeline.registration.1.2.840.113619.2.278.3.717616.249.1585713649.466 — Starting registration: 1.2.840.113619.2.278.3.717616.249.1585713649.466
2026-06-14T18:21:35 [WARNING ] pipeline.registration.1.2.840.113619.2.278.3.717616.239.1576237179.120 — [Venous] Pass 2 rejected: centroid 11.9mm > Pass1 2.7mm — reverted.
2026-06-14T18:21:37 [INFO    ] pipeline.registration.1.2.840.113619.2.278.3.717616.249.1585713639.107 — Starting registration: 1.2.840.113619.2.278.3.717616.249.1585713639.107
2026-06-14T18:21:44 [WARNING ] pipeline.registration.1.2.840.113619.2.278.3.717616.249.1585713649.466 — [Arterial] Pass 2 rejected: centroid 37.7mm > Pass1 2.2mm — reverted.
2026-06-14T18:23:31 [WARNING ] pipeline.registration.1.2.840.113619.2.278.3.717616.249.1585713639.107 — [Arterial] Pass 2 rejected: centroid 23.5mm > Pass1 1.5mm — reverted.
2026-06-14T18:23:54 [WARNING ] pipeline.registration.1.2.840.113619.2.278.3.717616.249.1585713649.466 — [Venous] Pass 2 rejected: centroid 9.4mm > Pass1 2.0mm — reverted.
2026-06-14T18:23:56 [INFO    ] pipeline.registration.1.2.840.113619.2.278.3.717616.249.1585713650.578 — Starting registration: 1.2.840.113619.2.278.3.717616.249.1585713650.578
2026-06-14T18:25:15 [WARNING ] pipeline.registration.1.2.840.113619.2.278.3.717616.249.1585713639.107 — [Venous] Pass 2 rejected: centroid 3.6mm > Pass1 1.5mm — reverted.
2026-06-14T18:25:17 [INFO    ] pipeline.registration.1.2.840.113619.2.278.3.717616.249.1585713641.286 — Starting registration: 1.2.840.113619.2.278.3.717616.249.1585713641.286
2026-06-14T18:25:54 [WARNING ] pipeline.registration.1.2.840.113619.2.278.3.717616.249.1585713650.578 — [Arterial] Pass 2 rejected: centroid 16.2mm > Pass1 12.5mm — reverted.
2026-06-14T18:27:41 [WARNING ] pipeline.registration.1.2.840.113619.2.278.3.717616.249.1585713641.286 — [Arterial] Pass 2 rejected: centroid 9.5mm > Pass1 5.1mm — reverted.
2026-06-14T18:27:47 [WARNING ] pipeline.registration.1.2.840.113619.2.278.3.717616.249.1585713650.578 — [Venous] Pass 2 rejected: centroid 3.2mm > Pass1 2.4mm — reverted.
2026-06-14T18:27:49 [INFO    ] pipeline.registration.1.2.840.113619.2.278.3.717616.249.1585713656.349 — Starting registration: 1.2.840.113619.2.278.3.717616.249.1585713656.349
2026-06-14T18:30:22 [WARNING ] pipeline.registration.1.2.840.113619.2.278.3.717616.249.1585713641.286 — [Venous] Pass 2 rejected: centroid 21.0mm > Pass1 4.2mm — reverted.
2026-06-14T18:30:25 [INFO    ] pipeline.registration.1.2.840.113619.2.278.3.717616.249.1585713643.237 — Starting registration: 1.2.840.113619.2.278.3.717616.249.1585713643.237
2026-06-14T18:30:26 [WARNING ] pipeline.registration.1.2.840.113619.2.278.3.717616.249.1585713656.349 — [Arterial] Pass 2 rejected: centroid 4.0mm > Pass1 2.6mm — reverted.
2026-06-14T18:32:19 [WARNING ] pipeline.registration.1.2.840.113619.2.278.3.717616.249.1585713643.237 — [Arterial] Pass 2 rejected: centroid 33.7mm > Pass1 1.1mm — reverted.
2026-06-14T18:32:41 [WARNING ] pipeline.registration.1.2.840.113619.2.278.3.717616.249.1585713656.349 — [Venous] Pass 2 rejected: centroid 15.4mm > Pass1 1.5mm — reverted.
2026-06-14T18:32:43 [INFO    ] pipeline.registration.1.2.840.113619.2.278.3.717616.249.1585713660.403 — Starting registration: 1.2.840.113619.2.278.3.717616.249.1585713660.403
2026-06-14T18:33:59 [WARNING ] pipeline.registration.1.2.840.113619.2.278.3.717616.249.1585713660.403 — [Arterial] Pass 2 rejected: centroid 20.6mm > Pass1 2.1mm — reverted.
2026-06-14T18:34:05 [WARNING ] pipeline.registration.1.2.840.113619.2.278.3.717616.249.1585713643.237 — [Venous] Pass 2 rejected: centroid 45.9mm > Pass1 1.1mm — reverted.
2026-06-14T18:34:07 [INFO    ] pipeline.registration.1.2.840.113619.2.278.3.717616.249.1585713649.466 — Starting registration: 1.2.840.113619.2.278.3.717616.249.1585713649.466
2026-06-14T18:35:09 [WARNING ] pipeline.registration.1.2.840.113619.2.278.3.717616.249.1585713660.403 — [Venous] Pass 2 rejected: centroid 10.0mm > Pass1 4.0mm — reverted.
2026-06-14T18:35:10 [INFO    ] pipeline.registration.1.2.840.113619.2.278.3.717616.249.1585713663.100 — Starting registration: 1.2.840.113619.2.278.3.717616.249.1585713663.100
2026-06-14T18:36:11 [WARNING ] pipeline.registration.1.2.840.113619.2.278.3.717616.249.1585713649.466 — [Arterial] Pass 2 rejected: centroid 76.4mm > Pass1 2.2mm — reverted.
2026-06-14T18:37:08 [WARNING ] pipeline.registration.1.2.840.113619.2.278.3.717616.249.1585713663.100 — [Arterial] Pass 2 rejected: centroid 29.2mm > Pass1 1.5mm — reverted.
2026-06-14T18:38:09 [WARNING ] pipeline.registration.1.2.840.113619.2.278.3.717616.249.1585713649.466 — [Venous] Pass 2 rejected: centroid 317.8mm > Pass1 2.0mm — reverted.
2026-06-14T18:38:12 [INFO    ] pipeline.registration.1.2.840.113619.2.278.3.717616.249.1585713650.578 — Starting registration: 1.2.840.113619.2.278.3.717616.249.1585713650.578
2026-06-14T18:39:11 [WARNING ] pipeline.registration.1.2.840.113619.2.278.3.717616.249.1585713663.100 — [Venous] Pass 2 rejected: centroid 34.0mm > Pass1 1.4mm — reverted.
2026-06-14T18:39:14 [INFO    ] pipeline.registration.1.2.840.113619.2.278.3.717616.249.1585713672.454 — Starting registration: 1.2.840.113619.2.278.3.717616.249.1585713672.454
2026-06-14T18:40:28 [WARNING ] pipeline.registration.1.2.840.113619.2.278.3.717616.249.1585713650.578 — [Arterial] Pass 2 rejected: centroid 29.9mm > Pass1 11.9mm — reverted.
2026-06-14T18:41:34 [WARNING ] pipeline.registration.1.2.840.113619.2.278.3.717616.249.1585713672.454 — [Arterial] Pass 2 rejected: centroid 5.7mm > Pass1 1.3mm — reverted.
2026-06-14T18:42:27 [WARNING ] pipeline.registration.1.2.840.113619.2.278.3.717616.249.1585713650.578 — [Venous] Pass 2 rejected: centroid 56.6mm > Pass1 2.3mm — reverted.
2026-06-14T18:42:29 [INFO    ] pipeline.registration.1.2.840.113619.2.278.3.717616.249.1585713656.349 — Starting registration: 1.2.840.113619.2.278.3.717616.249.1585713656.349
2026-06-14T18:43:51 [WARNING ] pipeline.registration.1.2.840.113619.2.278.3.717616.249.1585713672.454 — [Venous] Pass 2 rejected: centroid 49.1mm > Pass1 1.3mm — reverted.
2026-06-14T18:43:54 [INFO    ] pipeline.registration.1.2.840.113619.2.278.3.717616.259.1592554882.977 — Starting registration: 1.2.840.113619.2.278.3.717616.259.1592554882.977
2026-06-14T18:44:54 [WARNING ] pipeline.registration.1.2.840.113619.2.278.3.717616.249.1585713656.349 — [Arterial] Pass 2 rejected: centroid 11.6mm > Pass1 2.3mm — reverted.
2026-06-14T18:46:05 [WARNING ] pipeline.registration.1.2.840.113619.2.278.3.717616.259.1592554882.977 — [Arterial] Pass 2 rejected: centroid 5.0mm > Pass1 1.5mm — reverted.
2026-06-14T18:47:18 [WARNING ] pipeline.registration.1.2.840.113619.2.278.3.717616.249.1585713656.349 — [Venous] Pass 2 rejected: centroid 14.2mm > Pass1 1.5mm — reverted.
2026-06-14T18:47:20 [INFO    ] pipeline.registration.1.2.840.113619.2.278.3.717616.249.1585713660.403 — Starting registration: 1.2.840.113619.2.278.3.717616.249.1585713660.403
2026-06-14T18:48:16 [WARNING ] pipeline.registration.1.2.840.113619.2.278.3.717616.259.1592554882.977 — [Venous] Pass 2 rejected: centroid 3.2mm > Pass1 1.2mm — reverted.
2026-06-14T18:48:18 [INFO    ] pipeline.registration.1.2.840.113619.2.278.3.717616.259.1592554893.267 — Starting registration: 1.2.840.113619.2.278.3.717616.259.1592554893.267
2026-06-14T18:48:36 [WARNING ] pipeline.registration.1.2.840.113619.2.278.3.717616.249.1585713660.403 — [Arterial] Pass 2 rejected: centroid 33.5mm > Pass1 2.1mm — reverted.
2026-06-14T18:49:48 [WARNING ] pipeline.registration.1.2.840.113619.2.278.3.717616.249.1585713660.403 — [Venous] Pass 2 rejected: centroid 5.8mm > Pass1 4.5mm — reverted.
2026-06-14T18:49:49 [INFO    ] pipeline.registration.1.2.840.113619.2.278.3.717616.249.1585713663.100 — Starting registration: 1.2.840.113619.2.278.3.717616.249.1585713663.100
2026-06-14T18:50:45 [WARNING ] pipeline.registration.1.2.840.113619.2.278.3.717616.259.1592554893.267 — [Arterial] Pass 2 rejected: centroid 53.0mm > Pass1 5.8mm — reverted.
2026-06-14T18:51:43 [WARNING ] pipeline.registration.1.2.840.113619.2.278.3.717616.249.1585713663.100 — [Arterial] Pass 2 rejected: centroid 56.3mm > Pass1 1.5mm — reverted.
2026-06-14T18:53:05 [WARNING ] pipeline.registration.1.2.840.113619.2.278.3.717616.259.1592554893.267 — [Venous] Pass 2 rejected: centroid 45.6mm > Pass1 5.8mm — reverted.
2026-06-14T18:53:07 [INFO    ] pipeline.registration.1.2.840.113619.2.278.3.717616.259.1592554897.97 — Starting registration: 1.2.840.113619.2.278.3.717616.259.1592554897.97
2026-06-14T18:53:37 [WARNING ] pipeline.registration.1.2.840.113619.2.278.3.717616.249.1585713663.100 — [Venous] Pass 2 rejected: centroid 29.8mm > Pass1 1.4mm — reverted.
2026-06-14T18:53:39 [INFO    ] pipeline.registration.1.2.840.113619.2.278.3.717616.249.1585713672.454 — Starting registration: 1.2.840.113619.2.278.3.717616.249.1585713672.454
2026-06-14T18:55:37 [WARNING ] pipeline.registration.1.2.840.113619.2.278.3.717616.259.1592554897.97 — [Arterial] Pass 2 rejected: centroid 2.8mm > Pass1 1.2mm — reverted.
2026-06-14T18:56:06 [WARNING ] pipeline.registration.1.2.840.113619.2.278.3.717616.249.1585713672.454 — [Arterial] Pass 2 rejected: centroid 38.5mm > Pass1 1.3mm — reverted.
2026-06-14T18:57:47 [WARNING ] pipeline.registration.1.2.840.113619.2.278.3.717616.259.1592554897.97 — [Venous] Pass 2 rejected: centroid 30.2mm > Pass1 1.7mm — reverted.
2026-06-14T18:57:50 [INFO    ] pipeline.registration.1.2.840.113619.2.278.3.717616.259.1592554905.422 — Starting registration: 1.2.840.113619.2.278.3.717616.259.1592554905.422
2026-06-14T18:58:21 [WARNING ] pipeline.registration.1.2.840.113619.2.278.3.717616.249.1585713672.454 — [Venous] Pass 2 rejected: centroid 49.1mm > Pass1 1.3mm — reverted.
2026-06-14T18:58:24 [INFO    ] pipeline.registration.1.2.840.113619.2.278.3.717616.259.1592554882.977 — Starting registration: 1.2.840.113619.2.278.3.717616.259.1592554882.977
2026-06-14T19:00:25 [WARNING ] pipeline.registration.1.2.840.113619.2.278.3.717616.259.1592554905.422 — [Arterial] Pass 2 rejected: centroid 20.2mm > Pass1 3.8mm — reverted.
2026-06-14T19:00:32 [WARNING ] pipeline.registration.1.2.840.113619.2.278.3.717616.259.1592554882.977 — [Arterial] Pass 2 rejected: centroid 28.4mm > Pass1 1.5mm — reverted.
2026-06-14T19:02:27 [WARNING ] pipeline.registration.1.2.840.113619.2.278.3.717616.259.1592554882.977 — [Venous] Pass 2 rejected: centroid 12.8mm > Pass1 1.3mm — reverted.
2026-06-14T19:02:31 [INFO    ] pipeline.registration.1.2.840.113619.2.278.3.717616.259.1592554893.267 — Starting registration: 1.2.840.113619.2.278.3.717616.259.1592554893.267
2026-06-14T19:02:48 [WARNING ] pipeline.registration.1.2.840.113619.2.278.3.717616.259.1592554905.422 — [Venous] Pass 2 rejected: centroid 8.3mm > Pass1 6.5mm — reverted.
2026-06-14T19:02:50 [INFO    ] pipeline.registration.1.2.840.113619.2.278.3.717616.259.1592554905.716 — Starting registration: 1.2.840.113619.2.278.3.717616.259.1592554905.716
2026-06-14T19:05:01 [WARNING ] pipeline.registration.1.2.840.113619.2.278.3.717616.259.1592554893.267 — [Arterial] Pass 2 rejected: centroid 7.4mm > Pass1 6.2mm — reverted.
2026-06-14T19:05:16 [WARNING ] pipeline.registration.1.2.840.113619.2.278.3.717616.259.1592554905.716 — [Arterial] Pass 2 rejected: centroid 9.8mm > Pass1 3.6mm — reverted.
2026-06-14T19:07:30 [WARNING ] pipeline.registration.1.2.840.113619.2.278.3.717616.259.1592554893.267 — [Venous] Pass 2 rejected: centroid 9.5mm > Pass1 6.0mm — reverted.
2026-06-14T19:07:33 [INFO    ] pipeline.registration.1.2.840.113619.2.278.3.717616.259.1592554897.97 — Starting registration: 1.2.840.113619.2.278.3.717616.259.1592554897.97
2026-06-14T19:07:37 [WARNING ] pipeline.registration.1.2.840.113619.2.278.3.717616.259.1592554905.716 — [Venous] Pass 2 rejected: centroid 34.7mm > Pass1 2.4mm — reverted.
2026-06-14T19:07:39 [INFO    ] pipeline.registration.1.2.840.113619.2.278.3.717616.259.1592554911.88 — Starting registration: 1.2.840.113619.2.278.3.717616.259.1592554911.88
2026-06-14T19:09:00 [WARNING ] pipeline.registration.1.2.840.113619.2.278.3.717616.259.1592554911.88 — [Venous] Pass 2 rejected: centroid 22.2mm > Pass1 2.2mm — reverted.
2026-06-14T19:09:53 [WARNING ] pipeline.registration.1.2.840.113619.2.278.3.717616.259.1592554897.97 — [Arterial] Pass 2 rejected: centroid 2.8mm > Pass1 1.2mm — reverted.
2026-06-14T19:10:29 [WARNING ] pipeline.registration.1.2.840.113619.2.278.3.717616.259.1592554911.88 — [Arterial] Pass 2 rejected: centroid 8.8mm > Pass1 3.4mm — reverted.
2026-06-14T19:10:31 [INFO    ] pipeline.registration.1.2.840.113619.2.278.3.717616.259.1592554916.256 — Starting registration: 1.2.840.113619.2.278.3.717616.259.1592554916.256
2026-06-14T19:11:57 [WARNING ] pipeline.registration.1.2.840.113619.2.278.3.717616.259.1592554897.97 — [Venous] Pass 2 rejected: centroid 30.2mm > Pass1 1.7mm — reverted.
2026-06-14T19:12:00 [INFO    ] pipeline.registration.1.2.840.113619.2.278.3.717616.259.1592554905.422 — Starting registration: 1.2.840.113619.2.278.3.717616.259.1592554905.422
2026-06-14T19:12:58 [WARNING ] pipeline.registration.1.2.840.113619.2.278.3.717616.259.1592554916.256 — [Arterial] Pass 2 rejected: centroid 7.9mm > Pass1 2.0mm — reverted.
2026-06-14T19:14:51 [WARNING ] pipeline.registration.1.2.840.113619.2.278.3.717616.259.1592554905.422 — [Arterial] Pass 2 rejected: centroid 11.6mm > Pass1 4.3mm — reverted.
2026-06-14T19:15:18 [WARNING ] pipeline.registration.1.2.840.113619.2.278.3.717616.259.1592554916.256 — [Venous] Pass 2 rejected: centroid 21.9mm > Pass1 1.3mm — reverted.
2026-06-14T19:15:20 [INFO    ] pipeline.registration.1.2.840.113619.2.278.3.717616.259.1592554917.92 — Starting registration: 1.2.840.113619.2.278.3.717616.259.1592554917.92
2026-06-14T19:15:47 [WARNING ] pipeline.registration.1.2.840.113619.2.278.3.717616.259.1592554917.92 — [Arterial] Pass 0 Kabsch refinement-set residual 35.8mm > 20mm
2026-06-14T19:17:05 [WARNING ] pipeline.registration.1.2.840.113619.2.278.3.717616.259.1592554905.422 — [Venous] Pass 2 rejected: centroid 15.8mm > Pass1 6.5mm — reverted.
2026-06-14T19:17:08 [INFO    ] pipeline.registration.1.2.840.113619.2.278.3.717616.259.1592554905.716 — Starting registration: 1.2.840.113619.2.278.3.717616.259.1592554905.716
2026-06-14T19:17:38 [WARNING ] pipeline.registration.1.2.840.113619.2.278.3.717616.259.1592554917.92 — [Arterial] Pass 2 rejected: centroid 20.3mm > Pass1 12.9mm — reverted.
2026-06-14T19:19:29 [WARNING ] pipeline.registration.1.2.840.113619.2.278.3.717616.259.1592554905.716 — [Arterial] Pass 2 rejected: centroid 19.0mm > Pass1 3.9mm — reverted.
2026-06-14T19:19:45 [WARNING ] pipeline.registration.1.2.840.113619.2.278.3.717616.259.1592554917.92 — [Venous] Pass 2 rejected: centroid 3.6mm > Pass1 1.0mm — reverted.
2026-06-14T19:19:47 [INFO    ] pipeline.registration.1.2.840.113619.2.278.3.717616.259.1592554922.726 — Starting registration: 1.2.840.113619.2.278.3.717616.259.1592554922.726
2026-06-14T19:21:44 [WARNING ] pipeline.registration.1.2.840.113619.2.278.3.717616.259.1592554905.716 — [Venous] Pass 2 rejected: centroid 15.5mm > Pass1 2.4mm — reverted.
2026-06-14T19:21:48 [INFO    ] pipeline.registration.1.2.840.113619.2.278.3.717616.259.1592554911.88 — Starting registration: 1.2.840.113619.2.278.3.717616.259.1592554911.88
2026-06-14T19:22:04 [WARNING ] pipeline.registration.1.2.840.113619.2.278.3.717616.259.1592554922.726 — [Arterial] Pass 2 rejected: centroid 6.7mm > Pass1 2.8mm — reverted.
2026-06-14T19:23:28 [WARNING ] pipeline.registration.1.2.840.113619.2.278.3.717616.259.1592554911.88 — [Venous] Pass 2 rejected: centroid 23.3mm > Pass1 2.2mm — reverted.
2026-06-14T19:24:08 [WARNING ] pipeline.registration.1.2.840.113619.2.278.3.717616.259.1592554922.726 — [Venous] Pass 2 rejected: centroid 8.5mm > Pass1 2.3mm — reverted.
2026-06-14T19:24:11 [INFO    ] pipeline.registration.1.2.840.113619.2.278.3.717616.259.1592554936.606 — Starting registration: 1.2.840.113619.2.278.3.717616.259.1592554936.606
2026-06-14T19:25:08 [WARNING ] pipeline.registration.1.2.840.113619.2.278.3.717616.259.1592554911.88 — [Arterial] Pass 2 rejected: centroid 7.5mm > Pass1 3.3mm — reverted.
2026-06-14T19:25:10 [INFO    ] pipeline.registration.1.2.840.113619.2.278.3.717616.259.1592554916.256 — Starting registration: 1.2.840.113619.2.278.3.717616.259.1592554916.256
2026-06-14T19:26:14 [WARNING ] pipeline.registration.1.2.840.113619.2.278.3.717616.259.1592554936.606 — [Arterial] Pass 2 rejected: centroid 25.9mm > Pass1 2.0mm — reverted.
2026-06-14T19:27:39 [WARNING ] pipeline.registration.1.2.840.113619.2.278.3.717616.259.1592554916.256 — [Arterial] Pass 2 rejected: centroid 76.3mm > Pass1 2.1mm — reverted.
2026-06-14T19:28:05 [WARNING ] pipeline.registration.1.2.840.113619.2.278.3.717616.259.1592554936.606 — [Venous] Pass 2 rejected: centroid 11.3mm > Pass1 2.4mm — reverted.
2026-06-14T19:28:07 [INFO    ] pipeline.registration.1.2.840.113619.2.278.3.717616.259.1592554937.154 — Starting registration: 1.2.840.113619.2.278.3.717616.259.1592554937.154
2026-06-14T19:29:53 [WARNING ] pipeline.registration.1.2.840.113619.2.278.3.717616.259.1592554916.256 — [Venous] Pass 2 rejected: centroid 35.8mm > Pass1 1.3mm — reverted.
2026-06-14T19:29:55 [INFO    ] pipeline.registration.1.2.840.113619.2.278.3.717616.259.1592554917.92 — Starting registration: 1.2.840.113619.2.278.3.717616.259.1592554917.92
2026-06-14T19:30:23 [WARNING ] pipeline.registration.1.2.840.113619.2.278.3.717616.259.1592554937.154 — [Arterial] Pass 2 rejected: centroid 28.0mm > Pass1 10.0mm — reverted.
2026-06-14T19:30:26 [WARNING ] pipeline.registration.1.2.840.113619.2.278.3.717616.259.1592554917.92 — [Arterial] Pass 0 Kabsch refinement-set residual 25.5mm > 20mm
2026-06-14T19:31:50 [WARNING ] pipeline.registration.1.2.840.113619.2.278.3.717616.259.1592554917.92 — [Arterial] Pass 2 rejected: centroid 27.8mm > Pass1 12.2mm — reverted.
2026-06-14T19:32:47 [WARNING ] pipeline.registration.1.2.840.113619.2.278.3.717616.259.1592554937.154 — [Venous] Pass 2 rejected: centroid 6.7mm > Pass1 6.1mm — reverted.
2026-06-14T19:32:49 [INFO    ] pipeline.registration.1.2.840.113619.2.278.3.717616.259.1592554937.658 — Starting registration: 1.2.840.113619.2.278.3.717616.259.1592554937.658
2026-06-14T19:33:46 [WARNING ] pipeline.registration.1.2.840.113619.2.278.3.717616.259.1592554917.92 — [Venous] Pass 2 rejected: centroid 31.2mm > Pass1 0.9mm — reverted.
2026-06-14T19:33:48 [INFO    ] pipeline.registration.1.2.840.113619.2.278.3.717616.259.1592554922.726 — Starting registration: 1.2.840.113619.2.278.3.717616.259.1592554922.726
2026-06-14T19:34:56 [WARNING ] pipeline.registration.1.2.840.113619.2.278.3.717616.259.1592554937.658 — [Arterial] Pass 2 rejected: centroid 51.4mm > Pass1 2.1mm — reverted.
2026-06-14T19:36:05 [WARNING ] pipeline.registration.1.2.840.113619.2.278.3.717616.259.1592554922.726 — [Arterial] Pass 2 rejected: centroid 5.6mm > Pass1 2.7mm — reverted.
2026-06-14T19:37:06 [WARNING ] pipeline.registration.1.2.840.113619.2.278.3.717616.259.1592554937.658 — [Venous] Pass 2 rejected: centroid 7.4mm > Pass1 1.6mm — reverted.
2026-06-14T19:37:08 [INFO    ] pipeline.registration.1.2.840.113619.2.278.3.717616.259.1592554945.3 — Starting registration: 1.2.840.113619.2.278.3.717616.259.1592554945.3
2026-06-14T19:38:08 [WARNING ] pipeline.registration.1.2.840.113619.2.278.3.717616.259.1592554922.726 — [Venous] Pass 2 rejected: centroid 15.6mm > Pass1 2.5mm — reverted.
2026-06-14T19:38:11 [INFO    ] pipeline.registration.1.2.840.113619.2.278.3.717616.259.1592554936.606 — Starting registration: 1.2.840.113619.2.278.3.717616.259.1592554936.606
2026-06-14T19:39:25 [WARNING ] pipeline.registration.1.2.840.113619.2.278.3.717616.259.1592554945.3 — [Arterial] Pass 2 rejected: centroid 2.1mm > Pass1 1.7mm — reverted.
2026-06-14T19:40:15 [WARNING ] pipeline.registration.1.2.840.113619.2.278.3.717616.259.1592554936.606 — [Arterial] Pass 2 rejected: centroid 18.8mm > Pass1 1.8mm — reverted.
2026-06-14T19:41:45 [WARNING ] pipeline.registration.1.2.840.113619.2.278.3.717616.259.1592554945.3 — [Venous] Pass 2 rejected: centroid 31.3mm > Pass1 2.6mm — reverted.
2026-06-14T19:41:47 [INFO    ] pipeline.registration.1.2.840.113619.2.278.3.717616.260.1578649323.62 — Starting registration: 1.2.840.113619.2.278.3.717616.260.1578649323.62
2026-06-14T19:42:17 [WARNING ] pipeline.registration.1.2.840.113619.2.278.3.717616.259.1592554936.606 — [Venous] Pass 2 rejected: centroid 21.6mm > Pass1 2.4mm — reverted.
2026-06-14T19:42:19 [INFO    ] pipeline.registration.1.2.840.113619.2.278.3.717616.259.1592554937.154 — Starting registration: 1.2.840.113619.2.278.3.717616.259.1592554937.154
2026-06-14T19:44:03 [WARNING ] pipeline.registration.1.2.840.113619.2.278.3.717616.260.1578649323.62 — [Arterial] Pass 2 rejected: centroid 34.1mm > Pass1 5.3mm — reverted.
2026-06-14T19:44:32 [WARNING ] pipeline.registration.1.2.840.113619.2.278.3.717616.259.1592554937.154 — [Arterial] Pass 2 rejected: centroid 10.7mm > Pass1 9.7mm — reverted.
2026-06-14T19:46:02 [WARNING ] pipeline.registration.1.2.840.113619.2.278.3.717616.260.1578649323.62 — [Venous] Pass 2 rejected: centroid 86.1mm > Pass1 2.0mm — reverted.
2026-06-14T19:46:04 [INFO    ] pipeline.registration.1.2.840.113619.2.278.3.717616.260.1578649330.227 — Starting registration: 1.2.840.113619.2.278.3.717616.260.1578649330.227
2026-06-14T19:46:36 [WARNING ] pipeline.registration.1.2.840.113619.2.278.3.717616.259.1592554937.154 — [Venous] Pass 2 rejected: centroid 9.2mm > Pass1 5.8mm — reverted.
2026-06-14T19:46:39 [INFO    ] pipeline.registration.1.2.840.113619.2.278.3.717616.259.1592554937.658 — Starting registration: 1.2.840.113619.2.278.3.717616.259.1592554937.658
2026-06-14T19:48:40 [WARNING ] pipeline.registration.1.2.840.113619.2.278.3.717616.260.1578649330.227 — [Arterial] Pass 2 rejected: centroid 13.5mm > Pass1 4.0mm — reverted.
2026-06-14T19:48:54 [WARNING ] pipeline.registration.1.2.840.113619.2.278.3.717616.259.1592554937.658 — [Arterial] Pass 2 rejected: centroid 6.2mm > Pass1 2.1mm — reverted.
2026-06-14T19:51:15 [WARNING ] pipeline.registration.1.2.840.113619.2.278.3.717616.260.1578649330.227 — [Venous] Pass 2 rejected: centroid 25.5mm > Pass1 1.5mm — reverted.
2026-06-14T19:51:17 [WARNING ] pipeline.registration.1.2.840.113619.2.278.3.717616.259.1592554937.658 — [Venous] Pass 2 rejected: centroid 36.5mm > Pass1 1.6mm — reverted.
2026-06-14T19:51:18 [INFO    ] pipeline.registration.1.2.840.113619.2.278.3.717616.260.1578649343.978 — Starting registration: 1.2.840.113619.2.278.3.717616.260.1578649343.978
2026-06-14T19:51:20 [INFO    ] pipeline.registration.1.2.840.113619.2.278.3.717616.259.1592554945.3 — Starting registration: 1.2.840.113619.2.278.3.717616.259.1592554945.3
2026-06-14T19:53:22 [WARNING ] pipeline.registration.1.2.840.113619.2.278.3.717616.260.1578649343.978 — [Arterial] Pass 2 rejected: centroid 35.1mm > Pass1 1.2mm — reverted.
2026-06-14T19:53:28 [WARNING ] pipeline.registration.1.2.840.113619.2.278.3.717616.259.1592554945.3 — [Arterial] Pass 2 rejected: centroid 8.1mm > Pass1 1.7mm — reverted.
2026-06-14T19:55:17 [WARNING ] pipeline.registration.1.2.840.113619.2.278.3.717616.260.1578649343.978 — [Venous] Pass 2 rejected: centroid 185.1mm > Pass1 0.9mm — reverted.
2026-06-14T19:55:21 [INFO    ] pipeline.registration.1.2.840.113619.2.278.3.717616.260.1578649359.241 — Starting registration: 1.2.840.113619.2.278.3.717616.260.1578649359.241
2026-06-14T19:55:36 [WARNING ] pipeline.registration.1.2.840.113619.2.278.3.717616.259.1592554945.3 — [Venous] Pass 2 rejected: centroid 5.5mm > Pass1 2.6mm — reverted.
2026-06-14T19:55:39 [INFO    ] pipeline.registration.1.2.840.113619.2.278.3.717616.260.1578649323.62 — Starting registration: 1.2.840.113619.2.278.3.717616.260.1578649323.62
2026-06-14T19:57:34 [WARNING ] pipeline.registration.1.2.840.113619.2.278.3.717616.260.1578649359.241 — [Arterial] Pass 2 rejected: centroid 2.4mm > Pass1 1.6mm — reverted.
2026-06-14T19:57:53 [WARNING ] pipeline.registration.1.2.840.113619.2.278.3.717616.260.1578649323.62 — [Arterial] Pass 2 rejected: centroid 46.8mm > Pass1 5.3mm — reverted.
2026-06-14T19:59:43 [WARNING ] pipeline.registration.1.2.840.113619.2.278.3.717616.260.1578649359.241 — [Venous] Pass 2 rejected: centroid 65.9mm > Pass1 1.5mm — reverted.
2026-06-14T19:59:46 [INFO    ] pipeline.registration.1.2.840.113619.2.278.3.717616.260.1578649367.247 — Starting registration: 1.2.840.113619.2.278.3.717616.260.1578649367.247
2026-06-14T20:00:08 [WARNING ] pipeline.registration.1.2.840.113619.2.278.3.717616.260.1578649323.62 — [Venous] Pass 2 rejected: centroid 40.6mm > Pass1 2.0mm — reverted.
2026-06-14T20:00:11 [INFO    ] pipeline.registration.1.2.840.113619.2.278.3.717616.260.1578649330.227 — Starting registration: 1.2.840.113619.2.278.3.717616.260.1578649330.227
2026-06-14T20:01:58 [WARNING ] pipeline.registration.1.2.840.113619.2.278.3.717616.260.1578649367.247 — [Arterial] Pass 2 rejected: centroid 35.7mm > Pass1 2.3mm — reverted.
2026-06-14T20:02:28 [WARNING ] pipeline.registration.1.2.840.113619.2.278.3.717616.260.1578649330.227 — [Arterial] Pass 2 rejected: centroid 9.5mm > Pass1 3.9mm — reverted.
2026-06-14T20:03:51 [WARNING ] pipeline.registration.1.2.840.113619.2.278.3.717616.260.1578649367.247 — [Venous] Pass 2 rejected: centroid 31.4mm > Pass1 1.4mm — reverted.
2026-06-14T20:03:53 [INFO    ] pipeline.registration.1.2.840.113619.2.278.3.717616.260.1578649371.734 — Starting registration: 1.2.840.113619.2.278.3.717616.260.1578649371.734
2026-06-14T20:04:35 [WARNING ] pipeline.registration.1.2.840.113619.2.278.3.717616.260.1578649330.227 — [Venous] Pass 2 rejected: centroid 10.6mm > Pass1 1.5mm — reverted.
2026-06-14T20:04:38 [INFO    ] pipeline.registration.1.2.840.113619.2.278.3.717616.260.1578649343.978 — Starting registration: 1.2.840.113619.2.278.3.717616.260.1578649343.978
2026-06-14T20:06:02 [WARNING ] pipeline.registration.1.2.840.113619.2.278.3.717616.260.1578649371.734 — [Arterial] Pass 2 rejected: centroid 5.8mm > Pass1 1.0mm — reverted.
2026-06-14T20:06:36 [WARNING ] pipeline.registration.1.2.840.113619.2.278.3.717616.260.1578649343.978 — [Arterial] Pass 2 rejected: centroid 198.6mm > Pass1 1.1mm — reverted.
2026-06-14T20:08:31 [WARNING ] pipeline.registration.1.2.840.113619.2.278.3.717616.260.1578649371.734 — [Venous] Pass 2 rejected: centroid 3.5mm > Pass1 1.5mm — reverted.
2026-06-14T20:08:34 [INFO    ] pipeline.registration.1.2.840.113619.2.278.3.717616.260.1578649372.302 — Starting registration: 1.2.840.113619.2.278.3.717616.260.1578649372.302
2026-06-14T20:08:47 [WARNING ] pipeline.registration.1.2.840.113619.2.278.3.717616.260.1578649343.978 — [Venous] Pass 2 rejected: centroid 79.4mm > Pass1 0.9mm — reverted.
2026-06-14T20:08:50 [INFO    ] pipeline.registration.1.2.840.113619.2.278.3.717616.260.1578649359.241 — Starting registration: 1.2.840.113619.2.278.3.717616.260.1578649359.241
2026-06-14T20:10:53 [WARNING ] pipeline.registration.1.2.840.113619.2.278.3.717616.260.1578649372.302 — [Arterial] Pass 2 rejected: centroid 4.2mm > Pass1 0.9mm — reverted.
2026-06-14T20:10:59 [WARNING ] pipeline.registration.1.2.840.113619.2.278.3.717616.260.1578649359.241 — [Arterial] Pass 2 rejected: centroid 6.4mm > Pass1 1.6mm — reverted.
2026-06-14T20:13:01 [WARNING ] pipeline.registration.1.2.840.113619.2.278.3.717616.260.1578649359.241 — [Venous] Pass 2 rejected: centroid 6.3mm > Pass1 1.5mm — reverted.
2026-06-14T20:13:04 [INFO    ] pipeline.registration.1.2.840.113619.2.278.3.717616.260.1578649367.247 — Starting registration: 1.2.840.113619.2.278.3.717616.260.1578649367.247
2026-06-14T20:13:05 [WARNING ] pipeline.registration.1.2.840.113619.2.278.3.717616.260.1578649372.302 — [Venous] Pass 2 rejected: centroid 5.7mm > Pass1 1.2mm — reverted.
2026-06-14T20:13:08 [INFO    ] pipeline.registration.1.2.840.113619.2.278.3.717616.260.1578649380.289 — Starting registration: 1.2.840.113619.2.278.3.717616.260.1578649380.289
2026-06-14T20:15:04 [WARNING ] pipeline.registration.1.2.840.113619.2.278.3.717616.260.1578649367.247 — [Arterial] Pass 2 rejected: centroid 68.7mm > Pass1 2.3mm — reverted.
2026-06-14T20:15:12 [WARNING ] pipeline.registration.1.2.840.113619.2.278.3.717616.260.1578649380.289 — [Arterial] Pass 2 rejected: centroid 3.8mm > Pass1 1.1mm — reverted.
2026-06-14T20:17:09 [WARNING ] pipeline.registration.1.2.840.113619.2.278.3.717616.260.1578649367.247 — [Venous] Pass 2 rejected: centroid 7.2mm > Pass1 1.4mm — reverted.
2026-06-14T20:17:11 [INFO    ] pipeline.registration.1.2.840.113619.2.278.3.717616.260.1578649371.734 — Starting registration: 1.2.840.113619.2.278.3.717616.260.1578649371.734
2026-06-14T20:17:26 [WARNING ] pipeline.registration.1.2.840.113619.2.278.3.717616.260.1578649380.289 — [Venous] Pass 2 rejected: centroid 5.3mm > Pass1 1.3mm — reverted.
2026-06-14T20:17:28 [INFO    ] pipeline.registration.1.2.840.113619.2.278.3.717616.260.1578649381.693 — Starting registration: 1.2.840.113619.2.278.3.717616.260.1578649381.693
2026-06-14T20:19:22 [WARNING ] pipeline.registration.1.2.840.113619.2.278.3.717616.260.1578649371.734 — [Arterial] Pass 2 rejected: centroid 44.0mm > Pass1 1.0mm — reverted.
2026-06-14T20:19:43 [WARNING ] pipeline.registration.1.2.840.113619.2.278.3.717616.260.1578649381.693 — [Arterial] Pass 2 rejected: centroid 59.3mm > Pass1 1.4mm — reverted.
2026-06-14T20:21:36 [WARNING ] pipeline.registration.1.2.840.113619.2.278.3.717616.260.1578649371.734 — [Venous] Pass 2 rejected: centroid 5.1mm > Pass1 1.7mm — reverted.
2026-06-14T20:21:39 [INFO    ] pipeline.registration.1.2.840.113619.2.278.3.717616.260.1578649372.302 — Starting registration: 1.2.840.113619.2.278.3.717616.260.1578649372.302
2026-06-14T20:21:43 [WARNING ] pipeline.registration.1.2.840.113619.2.278.3.717616.260.1578649381.693 — [Venous] Pass 2 rejected: centroid 20.3mm > Pass1 1.2mm — reverted.
2026-06-14T20:21:46 [INFO    ] pipeline.registration.1.2.840.113619.2.278.3.717616.260.1578649386.487 — Starting registration: 1.2.840.113619.2.278.3.717616.260.1578649386.487
2026-06-14T20:23:27 [WARNING ] pipeline.registration.1.2.840.113619.2.278.3.717616.260.1578649386.487 — [Venous] Pass 2 rejected: centroid 38.0mm > Pass1 2.3mm — reverted.
2026-06-14T20:23:53 [WARNING ] pipeline.registration.1.2.840.113619.2.278.3.717616.260.1578649372.302 — [Arterial] Pass 2 rejected: centroid 5.3mm > Pass1 0.9mm — reverted.
2026-06-14T20:25:23 [WARNING ] pipeline.registration.1.2.840.113619.2.278.3.717616.260.1578649386.487 — [Arterial] Pass 2 rejected: centroid 9.1mm > Pass1 3.3mm — reverted.
2026-06-14T20:25:25 [INFO    ] pipeline.registration.1.2.840.113619.2.278.3.717616.260.1578649416.931 — Starting registration: 1.2.840.113619.2.278.3.717616.260.1578649416.931
2026-06-14T20:25:57 [WARNING ] pipeline.registration.1.2.840.113619.2.278.3.717616.260.1578649372.302 — [Venous] Pass 2 rejected: centroid 4.0mm > Pass1 1.1mm — reverted.
2026-06-14T20:25:59 [INFO    ] pipeline.registration.1.2.840.113619.2.278.3.717616.260.1578649380.289 — Starting registration: 1.2.840.113619.2.278.3.717616.260.1578649380.289
2026-06-14T20:27:47 [WARNING ] pipeline.registration.1.2.840.113619.2.278.3.717616.260.1578649416.931 — [Arterial] Pass 2 rejected: centroid 8.0mm > Pass1 2.1mm — reverted.
2026-06-14T20:28:15 [WARNING ] pipeline.registration.1.2.840.113619.2.278.3.717616.260.1578649380.289 — [Arterial] Pass 2 rejected: centroid 8.1mm > Pass1 1.3mm — reverted.
2026-06-14T20:30:16 [WARNING ] pipeline.registration.1.2.840.113619.2.278.3.717616.260.1578649416.931 — [Venous] Pass 2 rejected: centroid 9.6mm > Pass1 6.3mm — reverted.
2026-06-14T20:30:18 [INFO    ] pipeline.registration.1.2.840.113619.2.278.3.717616.260.1578649417.892 — Starting registration: 1.2.840.113619.2.278.3.717616.260.1578649417.892
2026-06-14T20:30:23 [WARNING ] pipeline.registration.1.2.840.113619.2.278.3.717616.260.1578649380.289 — [Venous] Pass 2 rejected: centroid 4.7mm > Pass1 1.3mm — reverted.
2026-06-14T20:30:25 [INFO    ] pipeline.registration.1.2.840.113619.2.278.3.717616.260.1578649381.693 — Starting registration: 1.2.840.113619.2.278.3.717616.260.1578649381.693
2026-06-14T20:32:32 [WARNING ] pipeline.registration.1.2.840.113619.2.278.3.717616.260.1578649381.693 — [Arterial] Pass 2 rejected: centroid 15.9mm > Pass1 1.4mm — reverted.
2026-06-14T20:32:59 [WARNING ] pipeline.registration.1.2.840.113619.2.278.3.717616.260.1578649417.892 — [Arterial] Pass 2 rejected: centroid 39.0mm > Pass1 2.0mm — reverted.
2026-06-14T20:34:32 [WARNING ] pipeline.registration.1.2.840.113619.2.278.3.717616.260.1578649381.693 — [Venous] Pass 2 rejected: centroid 12.1mm > Pass1 1.2mm — reverted.
2026-06-14T20:34:35 [INFO    ] pipeline.registration.1.2.840.113619.2.278.3.717616.260.1578649386.487 — Starting registration: 1.2.840.113619.2.278.3.717616.260.1578649386.487
2026-06-14T20:35:19 [WARNING ] pipeline.registration.1.2.840.113619.2.278.3.717616.260.1578649417.892 — [Venous] Pass 2 rejected: centroid 100.6mm > Pass1 3.4mm — reverted.
2026-06-14T20:35:22 [INFO    ] pipeline.registration.1.2.840.113619.2.278.3.717616.260.1578649418.868 — Starting registration: 1.2.840.113619.2.278.3.717616.260.1578649418.868
2026-06-14T20:36:25 [WARNING ] pipeline.registration.1.2.840.113619.2.278.3.717616.260.1578649386.487 — [Venous] Pass 2 rejected: centroid 31.2mm > Pass1 2.4mm — reverted.
2026-06-14T20:36:59 [WARNING ] pipeline.registration.1.2.840.113619.2.278.3.717616.260.1578649418.868 — [Venous] Pass 2 rejected: centroid 3.4mm > Pass1 1.5mm — reverted.
2026-06-14T20:38:21 [WARNING ] pipeline.registration.1.2.840.113619.2.278.3.717616.260.1578649386.487 — [Arterial] Pass 2 rejected: centroid 4.8mm > Pass1 3.1mm — reverted.
2026-06-14T20:38:24 [INFO    ] pipeline.registration.1.2.840.113619.2.278.3.717616.260.1578649416.931 — Starting registration: 1.2.840.113619.2.278.3.717616.260.1578649416.931
2026-06-14T20:38:44 [WARNING ] pipeline.registration.1.2.840.113619.2.278.3.717616.260.1578649418.868 — [Arterial] Pass 2 rejected: centroid 25.9mm > Pass1 2.3mm — reverted.
2026-06-14T20:38:46 [INFO    ] pipeline.registration.1.2.840.113619.2.278.3.717616.286.1587944966.46 — Starting registration: 1.2.840.113619.2.278.3.717616.286.1587944966.46
2026-06-14T20:40:39 [WARNING ] pipeline.registration.1.2.840.113619.2.278.3.717616.260.1578649416.931 — [Arterial] Pass 2 rejected: centroid 5.2mm > Pass1 2.1mm — reverted.
2026-06-14T20:41:14 [WARNING ] pipeline.registration.1.2.840.113619.2.278.3.717616.286.1587944966.46 — [Arterial] Pass 2 rejected: centroid 9.5mm > Pass1 1.9mm — reverted.
2026-06-14T20:43:16 [WARNING ] pipeline.registration.1.2.840.113619.2.278.3.717616.260.1578649416.931 — [Venous] Pass 2 rejected: centroid 15.1mm > Pass1 6.7mm — reverted.
2026-06-14T20:43:18 [INFO    ] pipeline.registration.1.2.840.113619.2.278.3.717616.260.1578649417.892 — Starting registration: 1.2.840.113619.2.278.3.717616.260.1578649417.892
2026-06-14T20:43:50 [WARNING ] pipeline.registration.1.2.840.113619.2.278.3.717616.286.1587944966.46 — [Venous] Pass 2 rejected: centroid 4.2mm > Pass1 3.1mm — reverted.
2026-06-14T20:43:52 [INFO    ] pipeline.registration.1.2.840.113619.2.278.3.717616.286.1587944966.506 — Starting registration: 1.2.840.113619.2.278.3.717616.286.1587944966.506
2026-06-14T20:45:54 [WARNING ] pipeline.registration.1.2.840.113619.2.278.3.717616.260.1578649417.892 — [Arterial] Pass 2 rejected: centroid 31.5mm > Pass1 2.0mm — reverted.
2026-06-14T20:46:13 [WARNING ] pipeline.registration.1.2.840.113619.2.278.3.717616.286.1587944966.506 — [Arterial] Pass 2 rejected: centroid 4.6mm > Pass1 2.1mm — reverted.
2026-06-14T20:48:26 [WARNING ] pipeline.registration.1.2.840.113619.2.278.3.717616.260.1578649417.892 — [Venous] Pass 2 rejected: centroid 23.6mm > Pass1 3.1mm — reverted.
2026-06-14T20:48:26 [WARNING ] pipeline.registration.1.2.840.113619.2.278.3.717616.286.1587944966.506 — [Venous] Pass 2 rejected: centroid 8.6mm > Pass1 6.2mm — reverted.
2026-06-14T20:48:28 [INFO    ] pipeline.registration.1.2.840.113619.2.278.3.717616.260.1578649418.868 — Starting registration: 1.2.840.113619.2.278.3.717616.260.1578649418.868
2026-06-14T20:48:29 [INFO    ] pipeline.registration.1.2.840.113619.2.278.3.717616.286.1587944967.557 — Starting registration: 1.2.840.113619.2.278.3.717616.286.1587944967.557
2026-06-14T20:50:19 [WARNING ] pipeline.registration.1.2.840.113619.2.278.3.717616.260.1578649418.868 — [Venous] Pass 2 rejected: centroid 9.9mm > Pass1 1.6mm — reverted.
2026-06-14T20:50:53 [WARNING ] pipeline.registration.1.2.840.113619.2.278.3.717616.286.1587944967.557 — [Arterial] Pass 2 rejected: centroid 10.5mm > Pass1 4.2mm — reverted.
2026-06-14T20:51:59 [WARNING ] pipeline.registration.1.2.840.113619.2.278.3.717616.260.1578649418.868 — [Arterial] Pass 2 rejected: centroid 5.9mm > Pass1 2.2mm — reverted.
2026-06-14T20:52:00 [INFO    ] pipeline.registration.1.2.840.113619.2.278.3.717616.286.1587944966.46 — Starting registration: 1.2.840.113619.2.278.3.717616.286.1587944966.46
2026-06-14T20:53:09 [WARNING ] pipeline.registration.1.2.840.113619.2.278.3.717616.286.1587944967.557 — [Venous] Pass 2 rejected: centroid 4.0mm > Pass1 2.5mm — reverted.
2026-06-14T20:53:12 [INFO    ] pipeline.registration.1.2.840.113619.2.278.3.717616.286.1587944968.878 — Starting registration: 1.2.840.113619.2.278.3.717616.286.1587944968.878
2026-06-14T20:54:33 [WARNING ] pipeline.registration.1.2.840.113619.2.278.3.717616.286.1587944966.46 — [Arterial] Pass 2 rejected: centroid 40.7mm > Pass1 1.9mm — reverted.
2026-06-14T20:55:31 [WARNING ] pipeline.registration.1.2.840.113619.2.278.3.717616.286.1587944968.878 — [Arterial] Pass 2 rejected: centroid 5.6mm > Pass1 2.1mm — reverted.
2026-06-14T20:56:55 [WARNING ] pipeline.registration.1.2.840.113619.2.278.3.717616.286.1587944966.46 — [Venous] Pass 2 rejected: centroid 4.2mm > Pass1 3.1mm — reverted.
2026-06-14T20:56:58 [INFO    ] pipeline.registration.1.2.840.113619.2.278.3.717616.286.1587944966.506 — Starting registration: 1.2.840.113619.2.278.3.717616.286.1587944966.506
2026-06-14T20:57:52 [WARNING ] pipeline.registration.1.2.840.113619.2.278.3.717616.286.1587944968.878 — [Venous] Pass 2 rejected: centroid 10.1mm > Pass1 3.3mm — reverted.
2026-06-14T20:57:54 [INFO    ] pipeline.registration.1.2.840.113619.2.278.3.717616.286.1587944973.161 — Starting registration: 1.2.840.113619.2.278.3.717616.286.1587944973.161
2026-06-14T20:59:27 [WARNING ] pipeline.registration.1.2.840.113619.2.278.3.717616.286.1587944966.506 — [Arterial] Pass 2 rejected: centroid 6.3mm > Pass1 2.2mm — reverted.
2026-06-14T21:00:05 [WARNING ] pipeline.registration.1.2.840.113619.2.278.3.717616.286.1587944973.161 — [Arterial] Pass 2 rejected: centroid 5.8mm > Pass1 1.9mm — reverted.
2026-06-14T21:01:38 [WARNING ] pipeline.registration.1.2.840.113619.2.278.3.717616.286.1587944966.506 — [Venous] Pass 2 rejected: centroid 29.2mm > Pass1 6.1mm — reverted.
2026-06-14T21:01:40 [INFO    ] pipeline.registration.1.2.840.113619.2.278.3.717616.286.1587944967.557 — Starting registration: 1.2.840.113619.2.278.3.717616.286.1587944967.557
2026-06-14T21:02:08 [WARNING ] pipeline.registration.1.2.840.113619.2.278.3.717616.286.1587944973.161 — [Venous] Pass 2 rejected: centroid 16.7mm > Pass1 3.2mm — reverted.
2026-06-14T21:02:11 [INFO    ] pipeline.registration.1.2.840.113619.2.278.3.717616.286.1587944975.372 — Starting registration: 1.2.840.113619.2.278.3.717616.286.1587944975.372
2026-06-14T21:04:08 [WARNING ] pipeline.registration.1.2.840.113619.2.278.3.717616.286.1587944967.557 — [Arterial] Pass 2 rejected: centroid 52.5mm > Pass1 4.4mm — reverted.
2026-06-14T21:04:30 [WARNING ] pipeline.registration.1.2.840.113619.2.278.3.717616.286.1587944975.372 — [Arterial] Pass 2 rejected: centroid 14.7mm > Pass1 2.6mm — reverted.
2026-06-14T21:06:20 [WARNING ] pipeline.registration.1.2.840.113619.2.278.3.717616.286.1587944967.557 — [Venous] Pass 2 rejected: centroid 28.4mm > Pass1 2.5mm — reverted.
2026-06-14T21:06:24 [INFO    ] pipeline.registration.1.2.840.113619.2.278.3.717616.286.1587944968.878 — Starting registration: 1.2.840.113619.2.278.3.717616.286.1587944968.878
2026-06-14T21:06:43 [WARNING ] pipeline.registration.1.2.840.113619.2.278.3.717616.286.1587944975.372 — [Venous] Pass 2 rejected: centroid 34.9mm > Pass1 2.1mm — reverted.
2026-06-14T21:06:45 [INFO    ] pipeline.registration.1.2.840.113619.2.278.3.717616.286.1587944978.330 — Starting registration: 1.2.840.113619.2.278.3.717616.286.1587944978.330
2026-06-14T21:08:17 [WARNING ] pipeline.registration.1.2.840.113619.2.278.3.717616.286.1587944978.330 — [Arterial] Pass 2 rejected: centroid 9.3mm > Pass1 6.9mm — reverted.
2026-06-14T21:08:53 [WARNING ] pipeline.registration.1.2.840.113619.2.278.3.717616.286.1587944968.878 — [Arterial] Pass 2 rejected: centroid 9.4mm > Pass1 2.0mm — reverted.
2026-06-14T21:09:57 [WARNING ] pipeline.registration.1.2.840.113619.2.278.3.717616.286.1587944978.330 — [Venous] Pass 2 rejected: centroid 5.4mm > Pass1 2.4mm — reverted.
2026-06-14T21:09:59 [INFO    ] pipeline.registration.1.2.840.113619.2.278.3.717616.286.1587944978.649 — Starting registration: 1.2.840.113619.2.278.3.717616.286.1587944978.649
2026-06-14T21:11:16 [WARNING ] pipeline.registration.1.2.840.113619.2.278.3.717616.286.1587944968.878 — [Venous] Pass 2 rejected: centroid 6.3mm > Pass1 3.4mm — reverted.
2026-06-14T21:11:19 [INFO    ] pipeline.registration.1.2.840.113619.2.278.3.717616.286.1587944973.161 — Starting registration: 1.2.840.113619.2.278.3.717616.286.1587944973.161
2026-06-14T21:12:14 [WARNING ] pipeline.registration.1.2.840.113619.2.278.3.717616.286.1587944978.649 — [Arterial] Pass 2 rejected: centroid 40.6mm > Pass1 2.1mm — reverted.
2026-06-14T21:13:32 [WARNING ] pipeline.registration.1.2.840.113619.2.278.3.717616.286.1587944973.161 — [Arterial] Pass 2 rejected: centroid 5.8mm > Pass1 1.9mm — reverted.
2026-06-14T21:14:30 [WARNING ] pipeline.registration.1.2.840.113619.2.278.3.717616.286.1587944978.649 — [Venous] Pass 2 rejected: centroid 8.2mm > Pass1 1.4mm — reverted.
2026-06-14T21:14:33 [INFO    ] pipeline.registration.1.2.840.113619.2.278.3.717616.286.1587944978.934 — Starting registration: 1.2.840.113619.2.278.3.717616.286.1587944978.934
2026-06-14T21:15:40 [WARNING ] pipeline.registration.1.2.840.113619.2.278.3.717616.286.1587944973.161 — [Venous] Pass 2 rejected: centroid 16.7mm > Pass1 3.2mm — reverted.
2026-06-14T21:15:43 [INFO    ] pipeline.registration.1.2.840.113619.2.278.3.717616.286.1587944975.372 — Starting registration: 1.2.840.113619.2.278.3.717616.286.1587944975.372
2026-06-14T21:16:53 [WARNING ] pipeline.registration.1.2.840.113619.2.278.3.717616.286.1587944978.934 — [Arterial] Pass 2 rejected: centroid 122.8mm > Pass1 1.7mm — reverted.
2026-06-14T21:18:20 [WARNING ] pipeline.registration.1.2.840.113619.2.278.3.717616.286.1587944975.372 — [Arterial] Pass 2 rejected: centroid 6.3mm > Pass1 2.6mm — reverted.
2026-06-14T21:19:07 [WARNING ] pipeline.registration.1.2.840.113619.2.278.3.717616.286.1587944978.934 — [Venous] Pass 2 rejected: centroid 117.7mm > Pass1 2.4mm — reverted.
2026-06-14T21:19:09 [INFO    ] pipeline.registration.1.2.840.113619.2.278.3.717616.286.1587944983.828 — Starting registration: 1.2.840.113619.2.278.3.717616.286.1587944983.828
2026-06-14T21:20:35 [WARNING ] pipeline.registration.1.2.840.113619.2.278.3.717616.286.1587944975.372 — [Venous] Pass 2 rejected: centroid 4.7mm > Pass1 2.0mm — reverted.
2026-06-14T21:20:37 [INFO    ] pipeline.registration.1.2.840.113619.2.278.3.717616.286.1587944978.330 — Starting registration: 1.2.840.113619.2.278.3.717616.286.1587944978.330
2026-06-14T21:21:04 [WARNING ] pipeline.registration.1.2.840.113619.2.278.3.717616.286.1587944983.828 — [Arterial] Pass 2 rejected: centroid 6.4mm > Pass1 3.3mm — reverted.
2026-06-14T21:22:12 [WARNING ] pipeline.registration.1.2.840.113619.2.278.3.717616.286.1587944978.330 — [Arterial] Pass 2 rejected: centroid 26.7mm > Pass1 6.9mm — reverted.
2026-06-14T21:22:51 [WARNING ] pipeline.registration.1.2.840.113619.2.278.3.717616.286.1587944983.828 — [Venous] Pass 2 rejected: centroid 92.4mm > Pass1 3.1mm — reverted.
2026-06-14T21:22:53 [INFO    ] pipeline.registration.1.2.840.113619.2.278.3.717616.286.1587944984.611 — Starting registration: 1.2.840.113619.2.278.3.717616.286.1587944984.611
2026-06-14T21:23:48 [WARNING ] pipeline.registration.1.2.840.113619.2.278.3.717616.286.1587944978.330 — [Venous] Pass 2 rejected: centroid 6.6mm > Pass1 2.4mm — reverted.
2026-06-14T21:23:49 [INFO    ] pipeline.registration.1.2.840.113619.2.278.3.717616.286.1587944978.649 — Starting registration: 1.2.840.113619.2.278.3.717616.286.1587944978.649
2026-06-14T21:24:57 [WARNING ] pipeline.registration.1.2.840.113619.2.278.3.717616.286.1587944984.611 — [Arterial] Pass 2 rejected: centroid 9.7mm > Pass1 1.0mm — reverted.
2026-06-14T21:26:24 [WARNING ] pipeline.registration.1.2.840.113619.2.278.3.717616.286.1587944978.649 — [Arterial] Pass 2 rejected: centroid 10.0mm > Pass1 2.2mm — reverted.
2026-06-14T21:26:49 [WARNING ] pipeline.registration.1.2.840.113619.2.278.3.717616.286.1587944984.611 — [Venous] Pass 2 rejected: centroid 6.0mm > Pass1 2.9mm — reverted.
2026-06-14T21:26:51 [INFO    ] pipeline.registration.1.2.840.113619.2.278.3.717616.286.1593493247.138 — Starting registration: 1.2.840.113619.2.278.3.717616.286.1593493247.138
2026-06-14T21:28:42 [WARNING ] pipeline.registration.1.2.840.113619.2.278.3.717616.286.1593493247.138 — [Venous] Pass 2 rejected: centroid 7.1mm > Pass1 1.7mm — reverted.
2026-06-14T21:28:43 [WARNING ] pipeline.registration.1.2.840.113619.2.278.3.717616.286.1587944978.649 — [Venous] Pass 2 rejected: centroid 12.4mm > Pass1 1.5mm — reverted.
2026-06-14T21:28:46 [INFO    ] pipeline.registration.1.2.840.113619.2.278.3.717616.286.1587944978.934 — Starting registration: 1.2.840.113619.2.278.3.717616.286.1587944978.934
2026-06-14T21:30:07 [WARNING ] pipeline.registration.1.2.840.113619.2.278.3.717616.286.1593493247.138 — [Arterial] Pass 2 rejected: centroid 22.2mm > Pass1 1.5mm — reverted.
2026-06-14T21:30:09 [INFO    ] pipeline.registration.1.2.840.113619.2.278.3.717616.286.1593493249.833 — Starting registration: 1.2.840.113619.2.278.3.717616.286.1593493249.833
2026-06-14T21:30:52 [WARNING ] pipeline.registration.1.2.840.113619.2.278.3.717616.286.1587944978.934 — [Arterial] Pass 2 rejected: centroid 19.6mm > Pass1 1.7mm — reverted.
2026-06-14T21:32:15 [WARNING ] pipeline.registration.1.2.840.113619.2.278.3.717616.286.1593493249.833 — [Arterial] Pass 2 rejected: centroid 17.8mm > Pass1 1.8mm — reverted.
2026-06-14T21:32:48 [WARNING ] pipeline.registration.1.2.840.113619.2.278.3.717616.286.1587944978.934 — [Venous] Pass 2 rejected: centroid 23.1mm > Pass1 2.8mm — reverted.
2026-06-14T21:32:50 [INFO    ] pipeline.registration.1.2.840.113619.2.278.3.717616.286.1587944983.828 — Starting registration: 1.2.840.113619.2.278.3.717616.286.1587944983.828
2026-06-14T21:34:23 [WARNING ] pipeline.registration.1.2.840.113619.2.278.3.717616.286.1593493249.833 — [Venous] Pass 2 rejected: centroid 15.0mm > Pass1 1.6mm — reverted.
2026-06-14T21:34:27 [INFO    ] pipeline.registration.1.2.840.113619.2.278.3.717616.286.1593493262.858 — Starting registration: 1.2.840.113619.2.278.3.717616.286.1593493262.858
2026-06-14T21:35:00 [WARNING ] pipeline.registration.1.2.840.113619.2.278.3.717616.286.1587944983.828 — [Arterial] Pass 2 rejected: centroid 6.4mm > Pass1 3.3mm — reverted.
2026-06-14T21:36:53 [WARNING ] pipeline.registration.1.2.840.113619.2.278.3.717616.286.1593493262.858 — [Arterial] Pass 2 rejected: centroid 5.1mm > Pass1 3.3mm — reverted.
2026-06-14T21:36:58 [WARNING ] pipeline.registration.1.2.840.113619.2.278.3.717616.286.1587944983.828 — [Venous] Pass 2 rejected: centroid 92.4mm > Pass1 3.1mm — reverted.
2026-06-14T21:37:00 [INFO    ] pipeline.registration.1.2.840.113619.2.278.3.717616.286.1587944984.611 — Starting registration: 1.2.840.113619.2.278.3.717616.286.1587944984.611
2026-06-14T21:39:04 [WARNING ] pipeline.registration.1.2.840.113619.2.278.3.717616.286.1587944984.611 — [Arterial] Pass 2 rejected: centroid 2.9mm > Pass1 1.0mm — reverted.
2026-06-14T21:39:10 [WARNING ] pipeline.registration.1.2.840.113619.2.278.3.717616.286.1593493262.858 — [Venous] Pass 2 rejected: centroid 9.6mm > Pass1 5.4mm — reverted.
2026-06-14T21:39:12 [INFO    ] pipeline.registration.1.2.840.113619.2.278.3.717616.286.1593493267.487 — Starting registration: 1.2.840.113619.2.278.3.717616.286.1593493267.487
2026-06-14T21:40:49 [WARNING ] pipeline.registration.1.2.840.113619.2.278.3.717616.286.1587944984.611 — [Venous] Pass 2 rejected: centroid 5.3mm > Pass1 2.4mm — reverted.
2026-06-14T21:40:51 [INFO    ] pipeline.registration.1.2.840.113619.2.278.3.717616.286.1593493247.138 — Starting registration: 1.2.840.113619.2.278.3.717616.286.1593493247.138
2026-06-14T21:41:18 [WARNING ] pipeline.registration.1.2.840.113619.2.278.3.717616.286.1593493267.487 — [Arterial] Pass 2 rejected: centroid 22.7mm > Pass1 2.0mm — reverted.
2026-06-14T21:42:26 [WARNING ] pipeline.registration.1.2.840.113619.2.278.3.717616.286.1593493247.138 — [Venous] Pass 2 rejected: centroid 6.0mm > Pass1 1.7mm — reverted.
2026-06-14T21:43:20 [WARNING ] pipeline.registration.1.2.840.113619.2.278.3.717616.286.1593493267.487 — [Venous] Pass 2 rejected: centroid 9.6mm > Pass1 1.8mm — reverted.
2026-06-14T21:43:23 [INFO    ] pipeline.registration.1.2.840.113619.2.278.3.717616.286.1593493269.25 — Starting registration: 1.2.840.113619.2.278.3.717616.286.1593493269.25
2026-06-14T21:44:06 [WARNING ] pipeline.registration.1.2.840.113619.2.278.3.717616.286.1593493247.138 — [Arterial] Pass 2 rejected: centroid 6.3mm > Pass1 1.7mm — reverted.
2026-06-14T21:44:07 [INFO    ] pipeline.registration.1.2.840.113619.2.278.3.717616.286.1593493249.833 — Starting registration: 1.2.840.113619.2.278.3.717616.286.1593493249.833
2026-06-14T21:45:18 [WARNING ] pipeline.registration.1.2.840.113619.2.278.3.717616.286.1593493269.25 — [Arterial] Pass 2 rejected: centroid 33.2mm > Pass1 1.6mm — reverted.
2026-06-14T21:46:26 [WARNING ] pipeline.registration.1.2.840.113619.2.278.3.717616.286.1593493249.833 — [Arterial] Pass 2 rejected: centroid 13.3mm > Pass1 1.8mm — reverted.
2026-06-14T21:47:15 [WARNING ] pipeline.registration.1.2.840.113619.2.278.3.717616.286.1593493269.25 — [Venous] Pass 2 rejected: centroid 17.4mm > Pass1 2.1mm — reverted.
2026-06-14T21:47:17 [INFO    ] pipeline.registration.1.2.840.113619.2.278.3.717616.286.1593493292.675 — Starting registration: 1.2.840.113619.2.278.3.717616.286.1593493292.675
2026-06-14T21:48:34 [WARNING ] pipeline.registration.1.2.840.113619.2.278.3.717616.286.1593493249.833 — [Venous] Pass 2 rejected: centroid 40.5mm > Pass1 1.6mm — reverted.
2026-06-14T21:48:36 [INFO    ] pipeline.registration.1.2.840.113619.2.278.3.717616.286.1593493262.858 — Starting registration: 1.2.840.113619.2.278.3.717616.286.1593493262.858
2026-06-14T21:49:35 [WARNING ] pipeline.registration.1.2.840.113619.2.278.3.717616.286.1593493292.675 — [Arterial] Pass 2 rejected: centroid 63.0mm > Pass1 0.8mm — reverted.
2026-06-14T21:50:51 [WARNING ] pipeline.registration.1.2.840.113619.2.278.3.717616.286.1593493262.858 — [Arterial] Pass 2 rejected: centroid 14.2mm > Pass1 3.3mm — reverted.
2026-06-14T21:51:58 [WARNING ] pipeline.registration.1.2.840.113619.2.278.3.717616.286.1593493292.675 — [Venous] Pass 2 rejected: centroid 19.3mm > Pass1 1.1mm — reverted.
2026-06-14T21:52:01 [INFO    ] pipeline.registration.1.2.840.113619.2.278.3.717616.286.1593493295.610 — Starting registration: 1.2.840.113619.2.278.3.717616.286.1593493295.610
2026-06-14T21:53:00 [WARNING ] pipeline.registration.1.2.840.113619.2.278.3.717616.286.1593493262.858 — [Venous] Pass 2 rejected: centroid 12.4mm > Pass1 5.2mm — reverted.
2026-06-14T21:53:02 [INFO    ] pipeline.registration.1.2.840.113619.2.278.3.717616.286.1593493267.487 — Starting registration: 1.2.840.113619.2.278.3.717616.286.1593493267.487
2026-06-14T21:53:23 [WARNING ] pipeline.registration.1.2.840.113619.2.278.3.717616.286.1593493295.610 — [Venous] Pass 2 rejected: centroid 5.7mm > Pass1 2.0mm — reverted.
2026-06-14T21:54:32 [WARNING ] pipeline.registration.1.2.840.113619.2.278.3.717616.286.1593493295.610 — [Arterial] Pass 2 rejected: centroid 4.6mm > Pass1 1.7mm — reverted.
2026-06-14T21:54:33 [INFO    ] pipeline.registration.1.2.840.113619.2.278.3.717616.286.1593493297.670 — Starting registration: 1.2.840.113619.2.278.3.717616.286.1593493297.670
2026-06-14T21:55:21 [WARNING ] pipeline.registration.1.2.840.113619.2.278.3.717616.286.1593493267.487 — [Arterial] Pass 2 rejected: centroid 22.7mm > Pass1 2.0mm — reverted.
2026-06-14T21:56:45 [WARNING ] pipeline.registration.1.2.840.113619.2.278.3.717616.286.1593493297.670 — [Arterial] Pass 2 rejected: centroid 41.3mm > Pass1 0.9mm — reverted.
2026-06-14T21:57:18 [WARNING ] pipeline.registration.1.2.840.113619.2.278.3.717616.286.1593493267.487 — [Venous] Pass 2 rejected: centroid 30.8mm > Pass1 1.5mm — reverted.
2026-06-14T21:57:20 [INFO    ] pipeline.registration.1.2.840.113619.2.278.3.717616.286.1593493269.25 — Starting registration: 1.2.840.113619.2.278.3.717616.286.1593493269.25
2026-06-14T21:58:44 [WARNING ] pipeline.registration.1.2.840.113619.2.278.3.717616.286.1593493297.670 — [Venous] Pass 2 rejected: centroid 98.9mm > Pass1 2.1mm — reverted.
2026-06-14T21:58:47 [INFO    ] pipeline.registration.1.2.840.113619.2.278.3.717616.286.1593493300.681 — Starting registration: 1.2.840.113619.2.278.3.717616.286.1593493300.681
2026-06-14T21:59:04 [WARNING ] pipeline.registration.1.2.840.113619.2.278.3.717616.286.1593493269.25 — [Arterial] Pass 2 rejected: centroid 137.3mm > Pass1 1.5mm — reverted.
2026-06-14T22:00:22 [WARNING ] pipeline.registration.1.2.840.113619.2.278.3.717616.286.1593493300.681 — [Arterial] Pass 2 rejected: centroid 5.8mm > Pass1 3.4mm — reverted.
2026-06-14T22:00:50 [WARNING ] pipeline.registration.1.2.840.113619.2.278.3.717616.286.1593493269.25 — [Venous] Pass 2 rejected: centroid 17.4mm > Pass1 2.1mm — reverted.
2026-06-14T22:00:52 [INFO    ] pipeline.registration.1.2.840.113619.2.278.3.717616.286.1593493292.675 — Starting registration: 1.2.840.113619.2.278.3.717616.286.1593493292.675
2026-06-14T22:01:55 [WARNING ] pipeline.registration.1.2.840.113619.2.278.3.717616.286.1593493300.681 — [Venous] Pass 2 rejected: centroid 34.9mm > Pass1 2.8mm — reverted.
2026-06-14T22:01:56 [INFO    ] pipeline.registration.1.2.840.113619.2.278.3.717616.286.1593493314.315 — Starting registration: 1.2.840.113619.2.278.3.717616.286.1593493314.315
2026-06-14T22:03:09 [WARNING ] pipeline.registration.1.2.840.113619.2.278.3.717616.286.1593493292.675 — [Arterial] Pass 2 rejected: centroid 35.6mm > Pass1 0.9mm — reverted.
2026-06-14T22:03:44 [WARNING ] pipeline.registration.1.2.840.113619.2.278.3.717616.286.1593493314.315 — [Arterial] Pass 2 rejected: centroid 11.1mm > Pass1 1.9mm — reverted.
2026-06-14T22:05:13 [WARNING ] pipeline.registration.1.2.840.113619.2.278.3.717616.286.1593493314.315 — [Venous] Pass 2 rejected: centroid 81.6mm > Pass1 2.1mm — reverted.
2026-06-14T22:05:15 [INFO    ] pipeline.registration.1.2.840.113619.2.278.3.717616.286.1593493317.912 — Starting registration: 1.2.840.113619.2.278.3.717616.286.1593493317.912
2026-06-14T22:05:38 [WARNING ] pipeline.registration.1.2.840.113619.2.278.3.717616.286.1593493292.675 — [Venous] Pass 2 rejected: centroid 5.5mm > Pass1 1.2mm — reverted.
2026-06-14T22:05:42 [INFO    ] pipeline.registration.1.2.840.113619.2.278.3.717616.286.1593493295.610 — Starting registration: 1.2.840.113619.2.278.3.717616.286.1593493295.610
2026-06-14T22:07:01 [WARNING ] pipeline.registration.1.2.840.113619.2.278.3.717616.286.1593493295.610 — [Venous] Pass 2 rejected: centroid 5.7mm > Pass1 2.0mm — reverted.
2026-06-14T22:07:38 [WARNING ] pipeline.registration.1.2.840.113619.2.278.3.717616.286.1593493317.912 — [Arterial] Pass 2 rejected: centroid 41.8mm > Pass1 2.9mm — reverted.
2026-06-14T22:08:17 [WARNING ] pipeline.registration.1.2.840.113619.2.278.3.717616.286.1593493295.610 — [Arterial] Pass 2 rejected: centroid 40.0mm > Pass1 1.2mm — reverted.
2026-06-14T22:08:18 [INFO    ] pipeline.registration.1.2.840.113619.2.278.3.717616.286.1593493297.670 — Starting registration: 1.2.840.113619.2.278.3.717616.286.1593493297.670
2026-06-14T22:09:59 [WARNING ] pipeline.registration.1.2.840.113619.2.278.3.717616.286.1593493317.912 — [Venous] Pass 2 rejected: centroid 59.1mm > Pass1 5.4mm — reverted.
2026-06-14T22:10:01 [INFO    ] pipeline.registration.1.2.840.113619.2.278.3.717616.286.1593493320.133 — Starting registration: 1.2.840.113619.2.278.3.717616.286.1593493320.133
2026-06-14T22:10:24 [WARNING ] pipeline.registration.1.2.840.113619.2.278.3.717616.286.1593493297.670 — [Arterial] Pass 2 rejected: centroid 56.2mm > Pass1 0.9mm — reverted.
2026-06-14T22:11:20 [WARNING ] pipeline.registration.1.2.840.113619.2.278.3.717616.286.1593493320.133 — [Venous] Pass 2 rejected: centroid 2.5mm > Pass1 1.2mm — reverted.
2026-06-14T22:12:20 [WARNING ] pipeline.registration.1.2.840.113619.2.278.3.717616.286.1593493297.670 — [Venous] Pass 2 rejected: centroid 49.9mm > Pass1 2.1mm — reverted.
2026-06-14T22:12:22 [INFO    ] pipeline.registration.1.2.840.113619.2.278.3.717616.286.1593493300.681 — Starting registration: 1.2.840.113619.2.278.3.717616.286.1593493300.681
2026-06-14T22:12:40 [WARNING ] pipeline.registration.1.2.840.113619.2.278.3.717616.286.1593493320.133 — [Arterial] Pass 2 rejected: centroid 25.1mm > Pass1 1.3mm — reverted.
2026-06-14T22:12:42 [INFO    ] pipeline.registration.1.2.840.113619.2.278.3.717616.306.1582703613.411 — Starting registration: 1.2.840.113619.2.278.3.717616.306.1582703613.411
2026-06-14T22:14:00 [WARNING ] pipeline.registration.1.2.840.113619.2.278.3.717616.286.1593493300.681 — [Arterial] Pass 2 rejected: centroid 5.8mm > Pass1 3.4mm — reverted.
2026-06-14T22:14:37 [WARNING ] pipeline.registration.1.2.840.113619.2.278.3.717616.306.1582703613.411 — [Arterial] Pass 2 rejected: centroid 24.8mm > Pass1 3.5mm — reverted.
2026-06-14T22:15:29 [WARNING ] pipeline.registration.1.2.840.113619.2.278.3.717616.286.1593493300.681 — [Venous] Pass 2 rejected: centroid 34.9mm > Pass1 2.8mm — reverted.
2026-06-14T22:15:31 [INFO    ] pipeline.registration.1.2.840.113619.2.278.3.717616.286.1593493314.315 — Starting registration: 1.2.840.113619.2.278.3.717616.286.1593493314.315
2026-06-14T22:16:32 [WARNING ] pipeline.registration.1.2.840.113619.2.278.3.717616.306.1582703613.411 — [Venous] Pass 2 rejected: centroid 6.3mm > Pass1 5.8mm — reverted.
2026-06-14T22:16:34 [INFO    ] pipeline.registration.1.2.840.113619.2.278.3.717616.306.1582703614.364 — Starting registration: 1.2.840.113619.2.278.3.717616.306.1582703614.364
2026-06-14T22:17:08 [WARNING ] pipeline.registration.1.2.840.113619.2.278.3.717616.286.1593493314.315 — [Arterial] Pass 2 rejected: centroid 11.2mm > Pass1 2.0mm — reverted.
2026-06-14T22:18:36 [WARNING ] pipeline.registration.1.2.840.113619.2.278.3.717616.306.1582703614.364 — [Arterial] Pass 2 rejected: centroid 13.8mm > Pass1 1.3mm — reverted.
2026-06-14T22:18:41 [WARNING ] pipeline.registration.1.2.840.113619.2.278.3.717616.286.1593493314.315 — [Venous] Pass 2 rejected: centroid 10.7mm > Pass1 2.0mm — reverted.
2026-06-14T22:18:43 [INFO    ] pipeline.registration.1.2.840.113619.2.278.3.717616.286.1593493317.912 — Starting registration: 1.2.840.113619.2.278.3.717616.286.1593493317.912
2026-06-14T22:20:39 [WARNING ] pipeline.registration.1.2.840.113619.2.278.3.717616.306.1582703614.364 — [Venous] Pass 2 rejected: centroid 64.1mm > Pass1 1.7mm — reverted.
2026-06-14T22:20:42 [INFO    ] pipeline.registration.1.2.840.113619.2.278.3.717616.306.1582703623.307 — Starting registration: 1.2.840.113619.2.278.3.717616.306.1582703623.307
2026-06-14T22:21:00 [WARNING ] pipeline.registration.1.2.840.113619.2.278.3.717616.286.1593493317.912 — [Arterial] Pass 2 rejected: centroid 41.1mm > Pass1 3.4mm — reverted.
2026-06-14T22:22:48 [WARNING ] pipeline.registration.1.2.840.113619.2.278.3.717616.306.1582703623.307 — [Arterial] Pass 2 rejected: centroid 49.9mm > Pass1 1.2mm — reverted.
2026-06-14T22:23:09 [WARNING ] pipeline.registration.1.2.840.113619.2.278.3.717616.286.1593493317.912 — [Venous] Pass 2 rejected: centroid 28.8mm > Pass1 5.6mm — reverted.
2026-06-14T22:23:11 [INFO    ] pipeline.registration.1.2.840.113619.2.278.3.717616.286.1593493320.133 — Starting registration: 1.2.840.113619.2.278.3.717616.286.1593493320.133
2026-06-14T22:24:31 [WARNING ] pipeline.registration.1.2.840.113619.2.278.3.717616.286.1593493320.133 — [Venous] Pass 2 rejected: centroid 31.3mm > Pass1 1.2mm — reverted.
2026-06-14T22:25:05 [WARNING ] pipeline.registration.1.2.840.113619.2.278.3.717616.306.1582703623.307 — [Venous] Pass 2 rejected: centroid 6.2mm > Pass1 2.0mm — reverted.
2026-06-14T22:25:08 [INFO    ] pipeline.registration.1.2.840.113619.2.278.3.717616.306.1582703629.833 — Starting registration: 1.2.840.113619.2.278.3.717616.306.1582703629.833
2026-06-14T22:25:48 [WARNING ] pipeline.registration.1.2.840.113619.2.278.3.717616.286.1593493320.133 — [Arterial] Pass 2 rejected: centroid 16.6mm > Pass1 1.5mm — reverted.
2026-06-14T22:25:50 [INFO    ] pipeline.registration.1.2.840.113619.2.278.3.717616.306.1582703613.411 — Starting registration: 1.2.840.113619.2.278.3.717616.306.1582703613.411
2026-06-14T22:27:12 [WARNING ] pipeline.registration.1.2.840.113619.2.278.3.717616.306.1582703629.833 — [Arterial] Pass 2 rejected: centroid 7.7mm > Pass1 1.5mm — reverted.
2026-06-14T22:27:49 [WARNING ] pipeline.registration.1.2.840.113619.2.278.3.717616.306.1582703613.411 — [Arterial] Pass 2 rejected: centroid 15.5mm > Pass1 3.5mm — reverted.
2026-06-14T22:29:08 [WARNING ] pipeline.registration.1.2.840.113619.2.278.3.717616.306.1582703629.833 — [Venous] Pass 2 rejected: centroid 4.5mm > Pass1 1.8mm — reverted.
2026-06-14T22:29:10 [INFO    ] pipeline.registration.1.2.840.113619.2.278.3.717616.306.1582703630.242 — Starting registration: 1.2.840.113619.2.278.3.717616.306.1582703630.242
2026-06-14T22:29:37 [WARNING ] pipeline.registration.1.2.840.113619.2.278.3.717616.306.1582703613.411 — [Venous] Pass 2 rejected: centroid 14.9mm > Pass1 5.6mm — reverted.
2026-06-14T22:29:39 [INFO    ] pipeline.registration.1.2.840.113619.2.278.3.717616.306.1582703614.364 — Starting registration: 1.2.840.113619.2.278.3.717616.306.1582703614.364
2026-06-14T22:30:29 [WARNING ] pipeline.registration.1.2.840.113619.2.278.3.717616.306.1582703630.242 — [Venous] Pass 2 rejected: centroid 48.7mm > Pass1 3.0mm — reverted.
2026-06-14T22:31:42 [WARNING ] pipeline.registration.1.2.840.113619.2.278.3.717616.306.1582703614.364 — [Arterial] Pass 2 rejected: centroid 104.6mm > Pass1 1.3mm — reverted.
2026-06-14T22:31:43 [WARNING ] pipeline.registration.1.2.840.113619.2.278.3.717616.306.1582703630.242 — [Arterial] Pass 2 rejected: centroid 6.3mm > Pass1 3.6mm — reverted.
2026-06-14T22:31:44 [INFO    ] pipeline.registration.1.2.840.113619.2.278.3.717616.306.1582703645.511 — Starting registration: 1.2.840.113619.2.278.3.717616.306.1582703645.511
2026-06-14T22:33:04 [WARNING ] pipeline.registration.1.2.840.113619.2.278.3.717616.306.1582703645.511 — [Arterial] Pass 2 rejected: centroid 19.7mm > Pass1 2.0mm — reverted.
2026-06-14T22:33:48 [WARNING ] pipeline.registration.1.2.840.113619.2.278.3.717616.306.1582703614.364 — [Venous] Pass 2 rejected: centroid 64.1mm > Pass1 1.7mm — reverted.
2026-06-14T22:33:50 [INFO    ] pipeline.registration.1.2.840.113619.2.278.3.717616.306.1582703623.307 — Starting registration: 1.2.840.113619.2.278.3.717616.306.1582703623.307
2026-06-14T22:34:15 [WARNING ] pipeline.registration.1.2.840.113619.2.278.3.717616.306.1582703645.511 — [Venous] Pass 2 rejected: centroid 6.6mm > Pass1 1.5mm — reverted.
2026-06-14T22:34:17 [INFO    ] pipeline.registration.1.2.840.113619.2.278.3.717616.306.1582703645.873 — Starting registration: 1.2.840.113619.2.278.3.717616.306.1582703645.873
2026-06-14T22:36:02 [WARNING ] pipeline.registration.1.2.840.113619.2.278.3.717616.306.1582703623.307 — [Arterial] Pass 2 rejected: centroid 26.7mm > Pass1 1.2mm — reverted.
2026-06-14T22:36:22 [WARNING ] pipeline.registration.1.2.840.113619.2.278.3.717616.306.1582703645.873 — [Arterial] Pass 2 rejected: centroid 8.6mm > Pass1 5.6mm — reverted.
2026-06-14T22:38:10 [WARNING ] pipeline.registration.1.2.840.113619.2.278.3.717616.306.1582703623.307 — [Venous] Pass 2 rejected: centroid 5.1mm > Pass1 2.0mm — reverted.
2026-06-14T22:38:13 [INFO    ] pipeline.registration.1.2.840.113619.2.278.3.717616.306.1582703629.833 — Starting registration: 1.2.840.113619.2.278.3.717616.306.1582703629.833
2026-06-14T22:38:17 [WARNING ] pipeline.registration.1.2.840.113619.2.278.3.717616.306.1582703645.873 — [Venous] Pass 2 rejected: centroid 5.1mm > Pass1 2.8mm — reverted.
2026-06-14T22:38:19 [INFO    ] pipeline.registration.1.2.840.113619.2.278.3.717616.306.1582703649.869 — Starting registration: 1.2.840.113619.2.278.3.717616.306.1582703649.869
2026-06-14T22:40:14 [WARNING ] pipeline.registration.1.2.840.113619.2.278.3.717616.306.1582703629.833 — [Arterial] Pass 2 rejected: centroid 4.3mm > Pass1 1.5mm — reverted.
2026-06-14T22:40:23 [WARNING ] pipeline.registration.1.2.840.113619.2.278.3.717616.306.1582703649.869 — [Arterial] Pass 2 rejected: centroid 4.5mm > Pass1 3.2mm — reverted.
2026-06-14T22:42:11 [WARNING ] pipeline.registration.1.2.840.113619.2.278.3.717616.306.1582703629.833 — [Venous] Pass 2 rejected: centroid 5.7mm > Pass1 1.8mm — reverted.
2026-06-14T22:42:14 [INFO    ] pipeline.registration.1.2.840.113619.2.278.3.717616.306.1582703630.242 — Starting registration: 1.2.840.113619.2.278.3.717616.306.1582703630.242
2026-06-14T22:42:28 [WARNING ] pipeline.registration.1.2.840.113619.2.278.3.717616.306.1582703649.869 — [Venous] Pass 2 rejected: centroid 34.1mm > Pass1 3.9mm — reverted.
2026-06-14T22:42:31 [INFO    ] pipeline.registration.1.2.840.113619.2.278.3.717616.306.1582703661.35 — Starting registration: 1.2.840.113619.2.278.3.717616.306.1582703661.35
2026-06-14T22:43:33 [WARNING ] pipeline.registration.1.2.840.113619.2.278.3.717616.306.1582703630.242 — [Venous] Pass 2 rejected: centroid 5.3mm > Pass1 3.1mm — reverted.
2026-06-14T22:44:37 [WARNING ] pipeline.registration.1.2.840.113619.2.278.3.717616.306.1582703661.35 — [Arterial] Pass 2 rejected: centroid 31.8mm > Pass1 1.5mm — reverted.
2026-06-14T22:44:50 [WARNING ] pipeline.registration.1.2.840.113619.2.278.3.717616.306.1582703630.242 — [Arterial] Pass 2 rejected: centroid 39.5mm > Pass1 3.6mm — reverted.
2026-06-14T22:44:52 [INFO    ] pipeline.registration.1.2.840.113619.2.278.3.717616.306.1582703645.511 — Starting registration: 1.2.840.113619.2.278.3.717616.306.1582703645.511
2026-06-14T22:46:03 [WARNING ] pipeline.registration.1.2.840.113619.2.278.3.717616.306.1582703645.511 — [Arterial] Pass 2 rejected: centroid 42.2mm > Pass1 2.1mm — reverted.
2026-06-14T22:46:42 [WARNING ] pipeline.registration.1.2.840.113619.2.278.3.717616.306.1582703661.35 — [Venous] Pass 2 rejected: centroid 3.8mm > Pass1 2.5mm — reverted.
2026-06-14T22:46:44 [INFO    ] pipeline.registration.1.2.840.113619.2.278.3.717616.306.1582703663.824 — Starting registration: 1.2.840.113619.2.278.3.717616.306.1582703663.824
2026-06-14T22:47:09 [WARNING ] pipeline.registration.1.2.840.113619.2.278.3.717616.306.1582703645.511 — [Venous] Pass 2 rejected: centroid 18.0mm > Pass1 1.5mm — reverted.
2026-06-14T22:47:10 [INFO    ] pipeline.registration.1.2.840.113619.2.278.3.717616.306.1582703645.873 — Starting registration: 1.2.840.113619.2.278.3.717616.306.1582703645.873
2026-06-14T22:47:37 [WARNING ] pipeline.registration.1.2.840.113619.2.278.3.717616.306.1582703645.873 — [Arterial] Pass 0 Kabsch refinement-set residual 20.7mm > 20mm
2026-06-14T22:48:45 [WARNING ] pipeline.registration.1.2.840.113619.2.278.3.717616.306.1582703663.824 — [Arterial] Pass 2 rejected: centroid 26.3mm > Pass1 2.4mm — reverted.
2026-06-14T22:49:09 [WARNING ] pipeline.registration.1.2.840.113619.2.278.3.717616.306.1582703645.873 — [Arterial] Pass 2 rejected: centroid 31.2mm > Pass1 6.0mm — reverted.
2026-06-14T22:50:45 [WARNING ] pipeline.registration.1.2.840.113619.2.278.3.717616.306.1582703663.824 — [Venous] Pass 2 rejected: centroid 28.0mm > Pass1 2.7mm — reverted.
2026-06-14T22:50:47 [INFO    ] pipeline.registration.1.2.840.113619.2.278.3.717616.306.1582703665.23 — Starting registration: 1.2.840.113619.2.278.3.717616.306.1582703665.23
2026-06-14T22:51:08 [WARNING ] pipeline.registration.1.2.840.113619.2.278.3.717616.306.1582703645.873 — [Venous] Pass 2 rejected: centroid 7.8mm > Pass1 2.7mm — reverted.
2026-06-14T22:51:11 [INFO    ] pipeline.registration.1.2.840.113619.2.278.3.717616.306.1582703649.869 — Starting registration: 1.2.840.113619.2.278.3.717616.306.1582703649.869
2026-06-14T22:53:07 [WARNING ] pipeline.registration.1.2.840.113619.2.278.3.717616.306.1582703665.23 — [Arterial] Pass 2 rejected: centroid 50.1mm > Pass1 3.5mm — reverted.
2026-06-14T22:53:31 [WARNING ] pipeline.registration.1.2.840.113619.2.278.3.717616.306.1582703649.869 — [Arterial] Pass 2 rejected: centroid 6.3mm > Pass1 3.1mm — reverted.
2026-06-14T22:55:15 [WARNING ] pipeline.registration.1.2.840.113619.2.278.3.717616.306.1582703665.23 — [Venous] Pass 2 rejected: centroid 34.5mm > Pass1 2.3mm — reverted.
2026-06-14T22:55:18 [INFO    ] pipeline.registration.1.2.840.113619.2.278.3.717616.306.1582703665.824 — Starting registration: 1.2.840.113619.2.278.3.717616.306.1582703665.824
2026-06-14T22:55:34 [WARNING ] pipeline.registration.1.2.840.113619.2.278.3.717616.306.1582703649.869 — [Venous] Pass 2 rejected: centroid 34.1mm > Pass1 3.9mm — reverted.
2026-06-14T22:55:37 [INFO    ] pipeline.registration.1.2.840.113619.2.278.3.717616.306.1582703661.35 — Starting registration: 1.2.840.113619.2.278.3.717616.306.1582703661.35
2026-06-14T22:57:14 [WARNING ] pipeline.registration.1.2.840.113619.2.278.3.717616.306.1582703665.824 — [Arterial] Pass 2 rejected: centroid 32.9mm > Pass1 1.8mm — reverted.
2026-06-14T22:57:37 [WARNING ] pipeline.registration.1.2.840.113619.2.278.3.717616.306.1582703665.824 — [Venous] Pass 0 Kabsch refinement-set residual 35.9mm > 20mm
2026-06-14T22:57:50 [WARNING ] pipeline.registration.1.2.840.113619.2.278.3.717616.306.1582703661.35 — [Arterial] Pass 2 rejected: centroid 8.6mm > Pass1 1.5mm — reverted.
2026-06-14T22:59:17 [WARNING ] pipeline.registration.1.2.840.113619.2.278.3.717616.306.1582703665.824 — [Venous] Pass 2 rejected: centroid 13.5mm > Pass1 10.3mm — reverted.
2026-06-14T22:59:19 [INFO    ] pipeline.registration.1.2.840.113619.2.278.3.717616.306.1582703674.772 — Starting registration: 1.2.840.113619.2.278.3.717616.306.1582703674.772
2026-06-14T22:59:49 [WARNING ] pipeline.registration.1.2.840.113619.2.278.3.717616.306.1582703661.35 — [Venous] Pass 2 rejected: centroid 5.8mm > Pass1 2.6mm — reverted.
2026-06-14T22:59:52 [INFO    ] pipeline.registration.1.2.840.113619.2.278.3.717616.306.1582703663.824 — Starting registration: 1.2.840.113619.2.278.3.717616.306.1582703663.824
2026-06-14T23:01:32 [WARNING ] pipeline.registration.1.2.840.113619.2.278.3.717616.306.1582703674.772 — [Arterial] Pass 2 rejected: centroid 39.8mm > Pass1 1.1mm — reverted.
2026-06-14T23:02:24 [WARNING ] pipeline.registration.1.2.840.113619.2.278.3.717616.306.1582703663.824 — [Arterial] Pass 2 rejected: centroid 32.0mm > Pass1 2.3mm — reverted.
2026-06-14T23:03:35 [WARNING ] pipeline.registration.1.2.840.113619.2.278.3.717616.306.1582703674.772 — [Venous] Pass 2 rejected: centroid 9.0mm > Pass1 1.5mm — reverted.
2026-06-14T23:03:38 [INFO    ] pipeline.registration.1.2.840.113619.2.278.3.717616.310.1589696975.113 — Starting registration: 1.2.840.113619.2.278.3.717616.310.1589696975.113
2026-06-14T23:04:33 [WARNING ] pipeline.registration.1.2.840.113619.2.278.3.717616.306.1582703663.824 — [Venous] Pass 2 rejected: centroid 24.1mm > Pass1 2.5mm — reverted.
2026-06-14T23:04:35 [INFO    ] pipeline.registration.1.2.840.113619.2.278.3.717616.306.1582703665.23 — Starting registration: 1.2.840.113619.2.278.3.717616.306.1582703665.23
2026-06-14T23:05:44 [WARNING ] pipeline.registration.1.2.840.113619.2.278.3.717616.310.1589696975.113 — [Arterial] Pass 2 rejected: centroid 43.1mm > Pass1 1.5mm — reverted.
2026-06-14T23:06:47 [WARNING ] pipeline.registration.1.2.840.113619.2.278.3.717616.306.1582703665.23 — [Arterial] Pass 2 rejected: centroid 23.3mm > Pass1 3.5mm — reverted.
2026-06-14T23:07:47 [WARNING ] pipeline.registration.1.2.840.113619.2.278.3.717616.310.1589696975.113 — [Venous] Pass 2 rejected: centroid 32.5mm > Pass1 2.0mm — reverted.
2026-06-14T23:07:49 [INFO    ] pipeline.registration.1.2.840.113619.2.278.3.717616.323.1577925255.997 — Starting registration: 1.2.840.113619.2.278.3.717616.323.1577925255.997
2026-06-14T23:08:53 [WARNING ] pipeline.registration.1.2.840.113619.2.278.3.717616.306.1582703665.23 — [Venous] Pass 2 rejected: centroid 5.5mm > Pass1 2.3mm — reverted.
2026-06-14T23:08:55 [INFO    ] pipeline.registration.1.2.840.113619.2.278.3.717616.306.1582703665.824 — Starting registration: 1.2.840.113619.2.278.3.717616.306.1582703665.824
2026-06-14T23:10:13 [WARNING ] pipeline.registration.1.2.840.113619.2.278.3.717616.323.1577925255.997 — [Arterial] Pass 2 rejected: centroid 21.5mm > Pass1 2.4mm — reverted.
2026-06-14T23:10:56 [WARNING ] pipeline.registration.1.2.840.113619.2.278.3.717616.306.1582703665.824 — [Arterial] Pass 2 rejected: centroid 64.7mm > Pass1 1.7mm — reverted.
2026-06-14T23:11:18 [WARNING ] pipeline.registration.1.2.840.113619.2.278.3.717616.306.1582703665.824 — [Venous] Pass 0 Kabsch refinement-set residual 32.7mm > 20mm
2026-06-14T23:12:27 [WARNING ] pipeline.registration.1.2.840.113619.2.278.3.717616.323.1577925255.997 — [Venous] Pass 2 rejected: centroid 6.0mm > Pass1 4.5mm — reverted.
2026-06-14T23:12:30 [INFO    ] pipeline.registration.1.2.840.113619.2.278.3.717616.338.1594256032.507 — Starting registration: 1.2.840.113619.2.278.3.717616.338.1594256032.507
2026-06-14T23:12:45 [WARNING ] pipeline.registration.1.2.840.113619.2.278.3.717616.306.1582703665.824 — [Venous] Pass 2 rejected: centroid 18.6mm > Pass1 10.0mm — reverted.
2026-06-14T23:12:47 [INFO    ] pipeline.registration.1.2.840.113619.2.278.3.717616.306.1582703674.772 — Starting registration: 1.2.840.113619.2.278.3.717616.306.1582703674.772
2026-06-14T23:14:50 [WARNING ] pipeline.registration.1.2.840.113619.2.278.3.717616.338.1594256032.507 — [Arterial] Pass 2 rejected: centroid 25.3mm > Pass1 1.4mm — reverted.
2026-06-14T23:14:58 [WARNING ] pipeline.registration.1.2.840.113619.2.278.3.717616.306.1582703674.772 — [Arterial] Pass 2 rejected: centroid 26.0mm > Pass1 1.1mm — reverted.
2026-06-14T23:17:15 [WARNING ] pipeline.registration.1.2.840.113619.2.278.3.717616.306.1582703674.772 — [Venous] Pass 2 rejected: centroid 46.8mm > Pass1 1.5mm — reverted.
2026-06-14T23:17:16 [WARNING ] pipeline.registration.1.2.840.113619.2.278.3.717616.338.1594256032.507 — [Venous] Pass 2 rejected: centroid 41.5mm > Pass1 2.5mm — reverted.
2026-06-14T23:17:18 [INFO    ] pipeline.registration.1.2.840.113619.2.278.3.717616.310.1589696975.113 — Starting registration: 1.2.840.113619.2.278.3.717616.310.1589696975.113
2026-06-14T23:17:19 [INFO    ] pipeline.registration.1.2.840.113619.2.278.3.717616.338.1594256103.303 — Starting registration: 1.2.840.113619.2.278.3.717616.338.1594256103.303
2026-06-14T23:19:27 [WARNING ] pipeline.registration.1.2.840.113619.2.278.3.717616.310.1589696975.113 — [Arterial] Pass 2 rejected: centroid 64.7mm > Pass1 1.5mm — reverted.
2026-06-14T23:19:36 [WARNING ] pipeline.registration.1.2.840.113619.2.278.3.717616.338.1594256103.303 — [Arterial] Pass 2 rejected: centroid 8.5mm > Pass1 4.7mm — reverted.
2026-06-14T23:21:39 [WARNING ] pipeline.registration.1.2.840.113619.2.278.3.717616.310.1589696975.113 — [Venous] Pass 2 rejected: centroid 10.1mm > Pass1 2.3mm — reverted.
2026-06-14T23:21:41 [WARNING ] pipeline.registration.1.2.840.113619.2.278.3.717616.338.1594256103.303 — [Venous] Pass 2 rejected: centroid 43.3mm > Pass1 3.2mm — reverted.
2026-06-14T23:21:42 [INFO    ] pipeline.registration.1.2.840.113619.2.278.3.717616.323.1577925255.997 — Starting registration: 1.2.840.113619.2.278.3.717616.323.1577925255.997
2026-06-14T23:21:43 [INFO    ] pipeline.registration.1.2.840.113619.2.278.3.717616.343.1572582741.986 — Starting registration: 1.2.840.113619.2.278.3.717616.343.1572582741.986
2026-06-14T23:23:23 [WARNING ] pipeline.registration.1.2.840.113619.2.278.3.717616.343.1572582741.986 — [Non-contrast] Pass 2 rejected: centroid 1000000.0mm > Pass1 0.0mm — reverted.
2026-06-14T23:23:57 [WARNING ] pipeline.registration.1.2.840.113619.2.278.3.717616.323.1577925255.997 — [Arterial] Pass 2 rejected: centroid 7.5mm > Pass1 3.9mm — reverted.
2026-06-14T23:25:12 [WARNING ] pipeline.registration.1.2.840.113619.2.278.3.717616.343.1572582741.986 — [Arterial] Pass 2 rejected: centroid 50.0mm > Pass1 1.2mm — reverted.
2026-06-14T23:26:07 [WARNING ] pipeline.registration.1.2.840.113619.2.278.3.717616.323.1577925255.997 — [Venous] Pass 2 rejected: centroid 13.1mm > Pass1 3.1mm — reverted.
2026-06-14T23:26:10 [INFO    ] pipeline.registration.1.2.840.113619.2.278.3.717616.338.1594256032.507 — Starting registration: 1.2.840.113619.2.278.3.717616.338.1594256032.507
2026-06-14T23:27:05 [WARNING ] pipeline.registration.1.2.840.113619.2.278.3.717616.343.1572582741.986 — [Venous] Pass 2 rejected: centroid 35.2mm > Pass1 1.1mm — reverted.
2026-06-14T23:27:07 [INFO    ] pipeline.registration.1.2.840.113619.2.278.3.717616.551.1589814093.67 — Starting registration: 1.2.840.113619.2.278.3.717616.551.1589814093.67
2026-06-14T23:28:09 [WARNING ] pipeline.registration.1.2.840.113619.2.278.3.717616.551.1589814093.67 — [Arterial] Pass 2 rejected: centroid 8.6mm > Pass1 5.1mm — reverted.
2026-06-14T23:28:29 [WARNING ] pipeline.registration.1.2.840.113619.2.278.3.717616.338.1594256032.507 — [Arterial] Pass 2 rejected: centroid 21.0mm > Pass1 1.4mm — reverted.
2026-06-14T23:29:09 [WARNING ] pipeline.registration.1.2.840.113619.2.278.3.717616.551.1589814093.67 — [Venous] Pass 2 rejected: centroid 22.2mm > Pass1 2.1mm — reverted.
2026-06-14T23:29:10 [INFO    ] pipeline.registration.1.2.840.113619.2.278.3.717616.551.1589814118.933 — Starting registration: 1.2.840.113619.2.278.3.717616.551.1589814118.933
2026-06-14T23:30:58 [WARNING ] pipeline.registration.1.2.840.113619.2.278.3.717616.338.1594256032.507 — [Venous] Pass 2 rejected: centroid 121.6mm > Pass1 2.4mm — reverted.
2026-06-14T23:31:00 [INFO    ] pipeline.registration.1.2.840.113619.2.278.3.717616.338.1594256103.303 — Starting registration: 1.2.840.113619.2.278.3.717616.338.1594256103.303
2026-06-14T23:31:29 [WARNING ] pipeline.registration.1.2.840.113619.2.278.3.717616.551.1589814118.933 — [Arterial] Pass 2 rejected: centroid 3.7mm > Pass1 1.7mm — reverted.
2026-06-14T23:33:06 [WARNING ] pipeline.registration.1.2.840.113619.2.278.3.717616.338.1594256103.303 — [Arterial] Pass 2 rejected: centroid 9.3mm > Pass1 4.7mm — reverted.
2026-06-14T23:33:26 [WARNING ] pipeline.registration.1.2.840.113619.2.278.3.717616.551.1589814118.933 — [Venous] Pass 2 rejected: centroid 121.8mm > Pass1 1.1mm — reverted.
2026-06-14T23:33:29 [INFO    ] pipeline.registration.1.2.840.113619.2.359.3.2831208971.102.1580775830.218 — Starting registration: 1.2.840.113619.2.359.3.2831208971.102.1580775830.218
2026-06-14T23:34:04 [WARNING ] pipeline.registration.1.2.840.113619.2.359.3.2831208971.102.1580775830.218 — [Venous] Pass 2 rejected: centroid 5.5mm > Pass1 3.4mm — reverted.
2026-06-14T23:34:30 [WARNING ] pipeline.registration.1.2.840.113619.2.359.3.2831208971.102.1580775830.218 — [Other] Pass 2 rejected: centroid 13.7mm > Pass1 7.0mm — reverted.
2026-06-14T23:35:02 [WARNING ] pipeline.registration.1.2.840.113619.2.359.3.2831208971.102.1580775830.218 — [Arterial] Pass 2 rejected: centroid 19.8mm > Pass1 7.5mm — reverted.
2026-06-14T23:35:03 [INFO    ] pipeline.registration.1.2.840.113619.2.359.3.2831208971.102.1580775832.66 — Starting registration: 1.2.840.113619.2.359.3.2831208971.102.1580775832.66
2026-06-14T23:35:14 [WARNING ] pipeline.registration.1.2.840.113619.2.278.3.717616.338.1594256103.303 — [Venous] Pass 2 rejected: centroid 10.6mm > Pass1 2.8mm — reverted.
2026-06-14T23:35:17 [INFO    ] pipeline.registration.1.2.840.113619.2.278.3.717616.343.1572582741.986 — Starting registration: 1.2.840.113619.2.278.3.717616.343.1572582741.986
2026-06-14T23:35:42 [WARNING ] pipeline.registration.1.2.840.113619.2.359.3.2831208971.102.1580775832.66 — [Arterial] Pass 2 rejected: centroid 4.4mm > Pass1 2.7mm — reverted.
2026-06-14T23:36:21 [WARNING ] pipeline.registration.1.2.840.113619.2.359.3.2831208971.102.1580775832.66 — [Venous] Pass 2 rejected: centroid 21.8mm > Pass1 2.0mm — reverted.
2026-06-14T23:36:58 [WARNING ] pipeline.registration.1.2.840.113619.2.359.3.2831208971.102.1580775832.66 — [Other] Pass 2 rejected: centroid 9.4mm > Pass1 2.3mm — reverted.
2026-06-14T23:36:59 [INFO    ] pipeline.registration.1.2.840.113619.2.359.3.2831208971.114.1571703288.442 — Starting registration: 1.2.840.113619.2.359.3.2831208971.114.1571703288.442
2026-06-14T23:36:59 [WARNING ] pipeline.registration.1.2.840.113619.2.278.3.717616.343.1572582741.986 — [Non-contrast] Pass 2 rejected: centroid 1000000.0mm > Pass1 0.0mm — reverted.
2026-06-14T23:37:51 [WARNING ] pipeline.registration.1.2.840.113619.2.359.3.2831208971.114.1571703288.442 — [Arterial] Pass 2 rejected: centroid 8.6mm > Pass1 5.8mm — reverted.
2026-06-14T23:38:51 [WARNING ] pipeline.registration.1.2.840.113619.2.359.3.2831208971.114.1571703288.442 — [Venous] Pass 2 rejected: centroid 12.6mm > Pass1 8.6mm — reverted.
2026-06-14T23:38:52 [INFO    ] pipeline.registration.1.2.840.113619.2.359.3.2831208971.114.1571963005.297 — Starting registration: 1.2.840.113619.2.359.3.2831208971.114.1571963005.297
2026-06-14T23:39:02 [WARNING ] pipeline.registration.1.2.840.113619.2.278.3.717616.343.1572582741.986 — [Arterial] Pass 2 rejected: centroid 47.5mm > Pass1 1.2mm — reverted.
2026-06-14T23:39:48 [WARNING ] pipeline.registration.1.2.840.113619.2.359.3.2831208971.114.1571963005.297 — [Arterial] Pass 2 rejected: centroid 6.1mm > Pass1 3.5mm — reverted.
2026-06-14T23:40:49 [WARNING ] pipeline.registration.1.2.840.113619.2.359.3.2831208971.114.1571963005.297 — [Venous] Pass 2 rejected: centroid 35.0mm > Pass1 2.5mm — reverted.
2026-06-14T23:41:01 [WARNING ] pipeline.registration.1.2.840.113619.2.278.3.717616.343.1572582741.986 — [Venous] Pass 2 rejected: centroid 7.0mm > Pass1 1.0mm — reverted.
2026-06-14T23:41:03 [INFO    ] pipeline.registration.1.2.840.113619.2.278.3.717616.551.1589814093.67 — Starting registration: 1.2.840.113619.2.278.3.717616.551.1589814093.67
2026-06-14T23:41:47 [WARNING ] pipeline.registration.1.2.840.113619.2.359.3.2831208971.114.1571963005.297 — [Other] Pass 2 rejected: centroid 6.8mm > Pass1 2.5mm — reverted.
2026-06-14T23:41:48 [INFO    ] pipeline.registration.1.2.840.113619.2.359.3.2831208971.125.1572221105.250 — Starting registration: 1.2.840.113619.2.359.3.2831208971.125.1572221105.250
2026-06-14T23:41:58 [WARNING ] pipeline.registration.1.2.840.113619.2.278.3.717616.551.1589814093.67 — [Arterial] Pass 2 rejected: centroid 10.6mm > Pass1 6.1mm — reverted.
2026-06-14T23:42:33 [WARNING ] pipeline.registration.1.2.840.113619.2.359.3.2831208971.125.1572221105.250 — [Arterial] Pass 2 rejected: centroid 6.2mm > Pass1 5.6mm — reverted.
2026-06-14T23:43:09 [WARNING ] pipeline.registration.1.2.840.113619.2.278.3.717616.551.1589814093.67 — [Venous] Pass 2 rejected: centroid 29.8mm > Pass1 1.6mm — reverted.
2026-06-14T23:43:10 [INFO    ] pipeline.registration.1.2.840.113619.2.278.3.717616.551.1589814118.933 — Starting registration: 1.2.840.113619.2.278.3.717616.551.1589814118.933
2026-06-14T23:43:10 [WARNING ] pipeline.registration.1.2.840.113619.2.359.3.2831208971.125.1572221105.250 — [Venous] Pass 2 rejected: centroid 7.5mm > Pass1 4.4mm — reverted.
2026-06-14T23:43:11 [INFO    ] pipeline.registration.1.2.840.113619.2.359.3.2831208971.130.1572394495.871 — Starting registration: 1.2.840.113619.2.359.3.2831208971.130.1572394495.871
2026-06-14T23:43:58 [WARNING ] pipeline.registration.1.2.840.113619.2.359.3.2831208971.130.1572394495.871 — [Arterial] Pass 2 rejected: centroid 7.4mm > Pass1 5.0mm — reverted.
2026-06-14T23:44:56 [WARNING ] pipeline.registration.1.2.840.113619.2.359.3.2831208971.130.1572394495.871 — [Venous] Pass 2 rejected: centroid 5.4mm > Pass1 3.4mm — reverted.
2026-06-14T23:45:24 [WARNING ] pipeline.registration.1.2.840.113619.2.278.3.717616.551.1589814118.933 — [Arterial] Pass 2 rejected: centroid 7.1mm > Pass1 1.6mm — reverted.
2026-06-14T23:45:53 [WARNING ] pipeline.registration.1.2.840.113619.2.359.3.2831208971.130.1572394495.871 — [Other] Pass 2 rejected: centroid 4.2mm > Pass1 2.0mm — reverted.
2026-06-14T23:45:54 [INFO    ] pipeline.registration.1.2.840.113619.2.359.3.2831208971.134.1574466852.398 — Starting registration: 1.2.840.113619.2.359.3.2831208971.134.1574466852.398
2026-06-14T23:46:50 [WARNING ] pipeline.registration.1.2.840.113619.2.359.3.2831208971.134.1574466852.398 — [Arterial] Pass 2 rejected: centroid 3.2mm > Pass1 2.5mm — reverted.
2026-06-14T23:47:32 [WARNING ] pipeline.registration.1.2.840.113619.2.278.3.717616.551.1589814118.933 — [Venous] Pass 2 rejected: centroid 18.2mm > Pass1 1.1mm — reverted.
2026-06-14T23:47:35 [INFO    ] pipeline.registration.1.2.840.113619.2.359.3.2831208971.102.1580775830.218 — Starting registration: 1.2.840.113619.2.359.3.2831208971.102.1580775830.218
2026-06-14T23:47:40 [WARNING ] pipeline.registration.1.2.840.113619.2.359.3.2831208971.134.1574466852.398 — [Venous] Pass 2 rejected: centroid 5.8mm > Pass1 3.3mm — reverted.
2026-06-14T23:47:41 [INFO    ] pipeline.registration.1.2.840.113619.2.359.3.2831208971.163.1572480858.906 — Starting registration: 1.2.840.113619.2.359.3.2831208971.163.1572480858.906
2026-06-14T23:48:03 [WARNING ] pipeline.registration.1.2.840.113619.2.359.3.2831208971.102.1580775830.218 — [Other] Pass 0 Kabsch refinement-set residual 21.7mm > 20mm
2026-06-14T23:48:27 [WARNING ] pipeline.registration.1.2.840.113619.2.359.3.2831208971.163.1572480858.906 — [Arterial] Pass 2 rejected: centroid 7.7mm > Pass1 1.7mm — reverted.
2026-06-14T23:48:34 [WARNING ] pipeline.registration.1.2.840.113619.2.359.3.2831208971.102.1580775830.218 — [Other] Pass 2 rejected: centroid 11.2mm > Pass1 4.7mm — reverted.
2026-06-14T23:49:05 [WARNING ] pipeline.registration.1.2.840.113619.2.359.3.2831208971.163.1572480858.906 — [Venous] Pass 2 rejected: centroid 4.9mm > Pass1 2.3mm — reverted.
2026-06-14T23:49:06 [INFO    ] pipeline.registration.1.2.840.113619.2.359.3.2831208971.164.1590190851.643 — Starting registration: 1.2.840.113619.2.359.3.2831208971.164.1590190851.643
2026-06-14T23:49:10 [WARNING ] pipeline.registration.1.2.840.113619.2.359.3.2831208971.102.1580775830.218 — [Arterial] Pass 2 rejected: centroid 9.6mm > Pass1 7.7mm — reverted.
2026-06-14T23:49:10 [INFO    ] pipeline.registration.1.2.840.113619.2.359.3.2831208971.102.1580775832.66 — Starting registration: 1.2.840.113619.2.359.3.2831208971.102.1580775832.66
2026-06-14T23:49:45 [WARNING ] pipeline.registration.1.2.840.113619.2.359.3.2831208971.164.1590190851.643 — [Arterial] Pass 2 rejected: centroid 11.2mm > Pass1 1.5mm — reverted.
2026-06-14T23:49:45 [WARNING ] pipeline.registration.1.2.840.113619.2.359.3.2831208971.102.1580775832.66 — [Arterial] Pass 2 rejected: centroid 23.2mm > Pass1 6.6mm — reverted.
2026-06-14T23:50:22 [WARNING ] pipeline.registration.1.2.840.113619.2.359.3.2831208971.102.1580775832.66 — [Venous] Pass 2 rejected: centroid 19.0mm > Pass1 2.2mm — reverted.
2026-06-14T23:50:34 [WARNING ] pipeline.registration.1.2.840.113619.2.359.3.2831208971.164.1590190851.643 — [Venous] Pass 2 rejected: centroid 4.5mm > Pass1 1.8mm — reverted.
2026-06-14T23:50:35 [INFO    ] pipeline.registration.1.2.840.113619.2.359.3.2831208971.165.1590622402.677 — Starting registration: 1.2.840.113619.2.359.3.2831208971.165.1590622402.677
2026-06-14T23:51:06 [WARNING ] pipeline.registration.1.2.840.113619.2.359.3.2831208971.102.1580775832.66 — [Other] Pass 2 rejected: centroid 24.0mm > Pass1 2.3mm — reverted.
2026-06-14T23:51:07 [INFO    ] pipeline.registration.1.2.840.113619.2.359.3.2831208971.114.1571703288.442 — Starting registration: 1.2.840.113619.2.359.3.2831208971.114.1571703288.442
2026-06-14T23:51:25 [WARNING ] pipeline.registration.1.2.840.113619.2.359.3.2831208971.165.1590622402.677 — [Arterial] Pass 2 rejected: centroid 15.1mm > Pass1 8.8mm — reverted.
2026-06-14T23:51:58 [WARNING ] pipeline.registration.1.2.840.113619.2.359.3.2831208971.114.1571703288.442 — [Arterial] Pass 2 rejected: centroid 9.9mm > Pass1 6.3mm — reverted.
2026-06-14T23:52:14 [WARNING ] pipeline.registration.1.2.840.113619.2.359.3.2831208971.165.1590622402.677 — [Venous] Pass 2 rejected: centroid 11.8mm > Pass1 2.2mm — reverted.
2026-06-14T23:52:15 [INFO    ] pipeline.registration.1.2.840.113619.2.359.3.2831208971.19.1592781847.229 — Starting registration: 1.2.840.113619.2.359.3.2831208971.19.1592781847.229
2026-06-14T23:52:46 [WARNING ] pipeline.registration.1.2.840.113619.2.359.3.2831208971.114.1571703288.442 — [Venous] Pass 2 rejected: centroid 9.3mm > Pass1 8.2mm — reverted.
2026-06-14T23:52:47 [INFO    ] pipeline.registration.1.2.840.113619.2.359.3.2831208971.114.1571963005.297 — Starting registration: 1.2.840.113619.2.359.3.2831208971.114.1571963005.297
2026-06-14T23:52:58 [WARNING ] pipeline.registration.1.2.840.113619.2.359.3.2831208971.19.1592781847.229 — [Arterial] Pass 2 rejected: centroid 52.3mm > Pass1 2.3mm — reverted.
2026-06-14T23:53:43 [WARNING ] pipeline.registration.1.2.840.113619.2.359.3.2831208971.19.1592781847.229 — [Venous] Pass 2 rejected: centroid 8.6mm > Pass1 6.5mm — reverted.
2026-06-14T23:53:46 [WARNING ] pipeline.registration.1.2.840.113619.2.359.3.2831208971.114.1571963005.297 — [Arterial] Pass 2 rejected: centroid 6.7mm > Pass1 3.3mm — reverted.
2026-06-14T23:54:24 [WARNING ] pipeline.registration.1.2.840.113619.2.359.3.2831208971.19.1592781847.229 — [Other] Pass 2 rejected: centroid 5.8mm > Pass1 2.9mm — reverted.
2026-06-14T23:54:25 [INFO    ] pipeline.registration.1.2.840.113619.2.359.3.2831208971.207.1576792853.630 — Starting registration: 1.2.840.113619.2.359.3.2831208971.207.1576792853.630
2026-06-14T23:54:40 [WARNING ] pipeline.registration.1.2.840.113619.2.359.3.2831208971.114.1571963005.297 — [Venous] Pass 2 rejected: centroid 45.6mm > Pass1 2.6mm — reverted.
2026-06-14T23:55:13 [WARNING ] pipeline.registration.1.2.840.113619.2.359.3.2831208971.207.1576792853.630 — [Arterial] Pass 2 rejected: centroid 5.0mm > Pass1 2.1mm — reverted.
2026-06-14T23:55:28 [WARNING ] pipeline.registration.1.2.840.113619.2.359.3.2831208971.114.1571963005.297 — [Other] Pass 2 rejected: centroid 4.5mm > Pass1 2.4mm — reverted.
2026-06-14T23:55:29 [INFO    ] pipeline.registration.1.2.840.113619.2.359.3.2831208971.125.1572221105.250 — Starting registration: 1.2.840.113619.2.359.3.2831208971.125.1572221105.250
2026-06-14T23:55:58 [WARNING ] pipeline.registration.1.2.840.113619.2.359.3.2831208971.207.1576792853.630 — [Venous] Pass 2 rejected: centroid 6.6mm > Pass1 1.7mm — reverted.
2026-06-14T23:56:52 [WARNING ] pipeline.registration.1.2.840.113619.2.359.3.2831208971.207.1576792853.630 — [Other] Pass 2 rejected: centroid 4.3mm > Pass1 2.7mm — reverted.
2026-06-14T23:56:53 [INFO    ] pipeline.registration.1.2.840.113619.2.359.3.2831208971.225.1582503716.763 — Starting registration: 1.2.840.113619.2.359.3.2831208971.225.1582503716.763
2026-06-14T23:56:57 [WARNING ] pipeline.registration.1.2.840.113619.2.359.3.2831208971.125.1572221105.250 — [Venous] Pass 2 rejected: centroid 17.5mm > Pass1 3.8mm — reverted.
2026-06-14T23:56:57 [INFO    ] pipeline.registration.1.2.840.113619.2.359.3.2831208971.130.1572394495.871 — Starting registration: 1.2.840.113619.2.359.3.2831208971.130.1572394495.871
2026-06-14T23:57:37 [WARNING ] pipeline.registration.1.2.840.113619.2.359.3.2831208971.225.1582503716.763 — [Arterial] Pass 2 rejected: centroid 5.1mm > Pass1 2.1mm — reverted.
2026-06-14T23:57:48 [WARNING ] pipeline.registration.1.2.840.113619.2.359.3.2831208971.130.1572394495.871 — [Arterial] Pass 2 rejected: centroid 12.3mm > Pass1 4.2mm — reverted.
2026-06-14T23:58:23 [WARNING ] pipeline.registration.1.2.840.113619.2.359.3.2831208971.225.1582503716.763 — [Venous] Pass 2 rejected: centroid 7.7mm > Pass1 4.0mm — reverted.
2026-06-14T23:58:35 [WARNING ] pipeline.registration.1.2.840.113619.2.359.3.2831208971.130.1572394495.871 — [Venous] Pass 2 rejected: centroid 4.2mm > Pass1 3.6mm — reverted.
2026-06-14T23:59:05 [WARNING ] pipeline.registration.1.2.840.113619.2.359.3.2831208971.225.1582503716.763 — [Other] Pass 2 rejected: centroid 3.6mm > Pass1 2.0mm — reverted.
2026-06-14T23:59:06 [INFO    ] pipeline.registration.1.2.840.113619.2.359.3.2831208971.234.1583108506.652 — Starting registration: 1.2.840.113619.2.359.3.2831208971.234.1583108506.652
2026-06-14T23:59:30 [WARNING ] pipeline.registration.1.2.840.113619.2.359.3.2831208971.130.1572394495.871 — [Other] Pass 2 rejected: centroid 6.2mm > Pass1 1.9mm — reverted.
2026-06-14T23:59:31 [INFO    ] pipeline.registration.1.2.840.113619.2.359.3.2831208971.134.1574466852.398 — Starting registration: 1.2.840.113619.2.359.3.2831208971.134.1574466852.398
2026-06-14T23:59:45 [WARNING ] pipeline.registration.1.2.840.113619.2.359.3.2831208971.234.1583108506.652 — [Arterial] Pass 2 rejected: centroid 4.5mm > Pass1 0.9mm — reverted.
2026-06-15T00:00:24 [WARNING ] pipeline.registration.1.2.840.113619.2.359.3.2831208971.134.1574466852.398 — [Arterial] Pass 2 rejected: centroid 5.6mm > Pass1 2.5mm — reverted.
2026-06-15T00:00:30 [WARNING ] pipeline.registration.1.2.840.113619.2.359.3.2831208971.234.1583108506.652 — [Venous] Pass 2 rejected: centroid 3.0mm > Pass1 1.9mm — reverted.
2026-06-15T00:01:07 [WARNING ] pipeline.registration.1.2.840.113619.2.359.3.2831208971.134.1574466852.398 — [Venous] Pass 2 rejected: centroid 5.4mm > Pass1 3.7mm — reverted.
2026-06-15T00:01:07 [INFO    ] pipeline.registration.1.2.840.113619.2.359.3.2831208971.163.1572480858.906 — Starting registration: 1.2.840.113619.2.359.3.2831208971.163.1572480858.906
2026-06-15T00:01:09 [WARNING ] pipeline.registration.1.2.840.113619.2.359.3.2831208971.234.1583108506.652 — [Other] Pass 2 rejected: centroid 4.4mm > Pass1 1.9mm — reverted.
2026-06-15T00:01:48 [WARNING ] pipeline.registration.1.2.840.113619.2.359.3.2831208971.163.1572480858.906 — [Arterial] Pass 2 rejected: centroid 3.3mm > Pass1 1.7mm — reverted.
2026-06-15T00:01:52 [WARNING ] pipeline.registration.1.2.840.113619.2.359.3.2831208971.234.1583108506.652 — [Other] Pass 2 rejected: centroid 4.4mm > Pass1 1.9mm — reverted.
2026-06-15T00:01:53 [INFO    ] pipeline.registration.1.2.840.113619.2.359.3.2831208971.265.1578356510.134 — Starting registration: 1.2.840.113619.2.359.3.2831208971.265.1578356510.134
2026-06-15T00:02:35 [WARNING ] pipeline.registration.1.2.840.113619.2.359.3.2831208971.163.1572480858.906 — [Venous] Pass 2 rejected: centroid 4.4mm > Pass1 2.2mm — reverted.
2026-06-15T00:02:36 [INFO    ] pipeline.registration.1.2.840.113619.2.359.3.2831208971.164.1590190851.643 — Starting registration: 1.2.840.113619.2.359.3.2831208971.164.1590190851.643
2026-06-15T00:02:38 [WARNING ] pipeline.registration.1.2.840.113619.2.359.3.2831208971.265.1578356510.134 — [Arterial] Pass 2 rejected: centroid 6.7mm > Pass1 2.3mm — reverted.
2026-06-15T00:03:20 [WARNING ] pipeline.registration.1.2.840.113619.2.359.3.2831208971.265.1578356510.134 — [Venous] Pass 2 rejected: centroid 4.3mm > Pass1 1.0mm — reverted.
2026-06-15T00:03:26 [WARNING ] pipeline.registration.1.2.840.113619.2.359.3.2831208971.164.1590190851.643 — [Arterial] Pass 2 rejected: centroid 41.2mm > Pass1 1.4mm — reverted.
2026-06-15T00:04:06 [WARNING ] pipeline.registration.1.2.840.113619.2.359.3.2831208971.265.1578356510.134 — [Other] Pass 2 rejected: centroid 36.6mm > Pass1 2.1mm — reverted.
2026-06-15T00:04:07 [INFO    ] pipeline.registration.1.2.840.113619.2.359.3.2831208971.265.1590967284.608 — Starting registration: 1.2.840.113619.2.359.3.2831208971.265.1590967284.608
2026-06-15T00:04:18 [WARNING ] pipeline.registration.1.2.840.113619.2.359.3.2831208971.164.1590190851.643 — [Venous] Pass 2 rejected: centroid 3.9mm > Pass1 1.9mm — reverted.
2026-06-15T00:04:19 [INFO    ] pipeline.registration.1.2.840.113619.2.359.3.2831208971.165.1590622402.677 — Starting registration: 1.2.840.113619.2.359.3.2831208971.165.1590622402.677
2026-06-15T00:05:14 [WARNING ] pipeline.registration.1.2.840.113619.2.359.3.2831208971.165.1590622402.677 — [Arterial] Pass 2 rejected: centroid 11.6mm > Pass1 9.7mm — reverted.
2026-06-15T00:05:20 [WARNING ] pipeline.registration.1.2.840.113619.2.359.3.2831208971.265.1590967284.608 — [Arterial] Pass 2 rejected: centroid 29.3mm > Pass1 1.6mm — reverted.
2026-06-15T00:06:04 [WARNING ] pipeline.registration.1.2.840.113619.2.359.3.2831208971.165.1590622402.677 — [Venous] Pass 2 rejected: centroid 196.8mm > Pass1 1.8mm — reverted.
2026-06-15T00:06:05 [INFO    ] pipeline.registration.1.2.840.113619.2.359.3.2831208971.19.1592781847.229 — Starting registration: 1.2.840.113619.2.359.3.2831208971.19.1592781847.229
2026-06-15T00:06:20 [WARNING ] pipeline.registration.1.2.840.113619.2.359.3.2831208971.265.1590967284.608 — [Venous] Pass 2 rejected: centroid 20.9mm > Pass1 1.8mm — reverted.
2026-06-15T00:06:55 [WARNING ] pipeline.registration.1.2.840.113619.2.359.3.2831208971.19.1592781847.229 — [Arterial] Pass 2 rejected: centroid 51.5mm > Pass1 2.3mm — reverted.
2026-06-15T00:07:30 [WARNING ] pipeline.registration.1.2.840.113619.2.359.3.2831208971.265.1590967284.608 — [Other] Pass 2 rejected: centroid 21.8mm > Pass1 4.4mm — reverted.
2026-06-15T00:07:48 [WARNING ] pipeline.registration.1.2.840.113619.2.359.3.2831208971.19.1592781847.229 — [Venous] Pass 2 rejected: centroid 11.5mm > Pass1 5.0mm — reverted.
2026-06-15T00:08:30 [WARNING ] pipeline.registration.1.2.840.113619.2.359.3.2831208971.19.1592781847.229 — [Other] Pass 2 rejected: centroid 10.9mm > Pass1 2.9mm — reverted.
2026-06-15T00:08:31 [INFO    ] pipeline.registration.1.2.840.113619.2.359.3.2831208971.207.1576792853.630 — Starting registration: 1.2.840.113619.2.359.3.2831208971.207.1576792853.630
2026-06-15T00:08:45 [WARNING ] pipeline.registration.1.2.840.113619.2.359.3.2831208971.265.1590967284.608 — [Other] Pass 2 rejected: centroid 21.8mm > Pass1 4.4mm — reverted.
2026-06-15T00:08:46 [INFO    ] pipeline.registration.1.2.840.113619.2.359.3.2831208971.27.1557706776.428 — Starting registration: 1.2.840.113619.2.359.3.2831208971.27.1557706776.428
2026-06-15T00:09:22 [WARNING ] pipeline.registration.1.2.840.113619.2.359.3.2831208971.207.1576792853.630 — [Arterial] Pass 2 rejected: centroid 6.9mm > Pass1 2.0mm — reverted.
2026-06-15T00:09:32 [WARNING ] pipeline.registration.1.2.840.113619.2.359.3.2831208971.27.1557706776.428 — [Arterial] Pass 2 rejected: centroid 50.6mm > Pass1 1.4mm — reverted.
2026-06-15T00:10:07 [WARNING ] pipeline.registration.1.2.840.113619.2.359.3.2831208971.207.1576792853.630 — [Venous] Pass 2 rejected: centroid 4.9mm > Pass1 1.9mm — reverted.
2026-06-15T00:10:20 [WARNING ] pipeline.registration.1.2.840.113619.2.359.3.2831208971.27.1557706776.428 — [Venous] Pass 2 rejected: centroid 10.2mm > Pass1 1.6mm — reverted.
2026-06-15T00:11:00 [WARNING ] pipeline.registration.1.2.840.113619.2.359.3.2831208971.207.1576792853.630 — [Other] Pass 2 rejected: centroid 4.3mm > Pass1 2.7mm — reverted.
2026-06-15T00:11:01 [INFO    ] pipeline.registration.1.2.840.113619.2.359.3.2831208971.225.1582503716.763 — Starting registration: 1.2.840.113619.2.359.3.2831208971.225.1582503716.763
2026-06-15T00:11:07 [WARNING ] pipeline.registration.1.2.840.113619.2.359.3.2831208971.27.1557706776.428 — [Other] Pass 2 rejected: centroid 33.0mm > Pass1 1.7mm — reverted.
2026-06-15T00:11:44 [WARNING ] pipeline.registration.1.2.840.113619.2.359.3.2831208971.225.1582503716.763 — [Arterial] Pass 2 rejected: centroid 5.1mm > Pass1 2.1mm — reverted.
2026-06-15T00:11:53 [WARNING ] pipeline.registration.1.2.840.113619.2.359.3.2831208971.27.1557706776.428 — [Other] Pass 2 rejected: centroid 33.0mm > Pass1 1.7mm — reverted.
2026-06-15T00:11:54 [INFO    ] pipeline.registration.1.2.840.113619.2.359.3.2831208971.27.1589930824.148 — Starting registration: 1.2.840.113619.2.359.3.2831208971.27.1589930824.148
2026-06-15T00:12:24 [WARNING ] pipeline.registration.1.2.840.113619.2.359.3.2831208971.225.1582503716.763 — [Venous] Pass 2 rejected: centroid 5.0mm > Pass1 3.8mm — reverted.
2026-06-15T00:13:15 [WARNING ] pipeline.registration.1.2.840.113619.2.359.3.2831208971.27.1589930824.148 — [Venous] Pass 2 rejected: centroid 5.2mm > Pass1 4.2mm — reverted.
2026-06-15T00:13:15 [WARNING ] pipeline.registration.1.2.840.113619.2.359.3.2831208971.225.1582503716.763 — [Other] Pass 2 rejected: centroid 9.3mm > Pass1 2.0mm — reverted.
2026-06-15T00:13:16 [INFO    ] pipeline.registration.1.2.840.113619.2.359.3.2831208971.234.1583108506.652 — Starting registration: 1.2.840.113619.2.359.3.2831208971.234.1583108506.652
2026-06-15T00:13:25 [WARNING ] pipeline.registration.1.2.840.113619.2.359.3.2831208971.27.1589930824.148 — [Arterial] Pass 0 Kabsch refinement-set residual 24.3mm > 20mm
2026-06-15T00:13:54 [WARNING ] pipeline.registration.1.2.840.113619.2.359.3.2831208971.234.1583108506.652 — [Arterial] Pass 2 rejected: centroid 37.7mm > Pass1 0.9mm — reverted.
2026-06-15T00:14:16 [WARNING ] pipeline.registration.1.2.840.113619.2.359.3.2831208971.27.1589930824.148 — [Arterial] Pass 2 rejected: centroid 19.8mm > Pass1 12.9mm — reverted.
2026-06-15T00:14:30 [WARNING ] pipeline.registration.1.2.840.113619.2.359.3.2831208971.234.1583108506.652 — [Venous] Pass 2 rejected: centroid 4.0mm > Pass1 1.9mm — reverted.
2026-06-15T00:15:10 [WARNING ] pipeline.registration.1.2.840.113619.2.359.3.2831208971.234.1583108506.652 — [Other] Pass 2 rejected: centroid 2.7mm > Pass1 1.9mm — reverted.
2026-06-15T00:15:30 [WARNING ] pipeline.registration.1.2.840.113619.2.359.3.2831208971.27.1589930824.148 — [Other] Pass 2 rejected: centroid 10.0mm > Pass1 7.8mm — reverted.
2026-06-15T00:15:31 [INFO    ] pipeline.registration.1.2.840.113619.2.359.3.2831208971.294.1582849361.600 — Starting registration: 1.2.840.113619.2.359.3.2831208971.294.1582849361.600
2026-06-15T00:15:51 [WARNING ] pipeline.registration.1.2.840.113619.2.359.3.2831208971.234.1583108506.652 — [Other] Pass 2 rejected: centroid 2.7mm > Pass1 1.9mm — reverted.
2026-06-15T00:15:52 [INFO    ] pipeline.registration.1.2.840.113619.2.359.3.2831208971.265.1578356510.134 — Starting registration: 1.2.840.113619.2.359.3.2831208971.265.1578356510.134
2026-06-15T00:16:25 [WARNING ] pipeline.registration.1.2.840.113619.2.359.3.2831208971.294.1582849361.600 — [Arterial] Pass 2 rejected: centroid 38.0mm > Pass1 1.1mm — reverted.
2026-06-15T00:16:37 [WARNING ] pipeline.registration.1.2.840.113619.2.359.3.2831208971.265.1578356510.134 — [Arterial] Pass 2 rejected: centroid 8.3mm > Pass1 2.3mm — reverted.
2026-06-15T00:17:20 [WARNING ] pipeline.registration.1.2.840.113619.2.359.3.2831208971.265.1578356510.134 — [Venous] Pass 2 rejected: centroid 3.2mm > Pass1 1.0mm — reverted.
2026-06-15T00:17:26 [WARNING ] pipeline.registration.1.2.840.113619.2.359.3.2831208971.294.1582849361.600 — [Venous] Pass 2 rejected: centroid 8.0mm > Pass1 5.1mm — reverted.
2026-06-15T00:18:12 [WARNING ] pipeline.registration.1.2.840.113619.2.359.3.2831208971.265.1578356510.134 — [Other] Pass 2 rejected: centroid 36.6mm > Pass1 2.1mm — reverted.
2026-06-15T00:18:13 [INFO    ] pipeline.registration.1.2.840.113619.2.359.3.2831208971.265.1590967284.608 — Starting registration: 1.2.840.113619.2.359.3.2831208971.265.1590967284.608
2026-06-15T00:18:18 [WARNING ] pipeline.registration.1.2.840.113619.2.359.3.2831208971.294.1582849361.600 — [Other] Pass 2 rejected: centroid 3.8mm > Pass1 1.7mm — reverted.
2026-06-15T00:18:19 [INFO    ] pipeline.registration.1.2.840.113619.2.359.3.2831208971.298.1585268502.426 — Starting registration: 1.2.840.113619.2.359.3.2831208971.298.1585268502.426
2026-06-15T00:19:24 [WARNING ] pipeline.registration.1.2.840.113619.2.359.3.2831208971.265.1590967284.608 — [Arterial] Pass 2 rejected: centroid 29.3mm > Pass1 1.6mm — reverted.
2026-06-15T00:19:26 [WARNING ] pipeline.registration.1.2.840.113619.2.359.3.2831208971.298.1585268502.426 — [Arterial] Pass 2 rejected: centroid 3.7mm > Pass1 2.8mm — reverted.
2026-06-15T00:20:18 [WARNING ] pipeline.registration.1.2.840.113619.2.359.3.2831208971.298.1585268502.426 — [Venous] Pass 2 rejected: centroid 39.3mm > Pass1 3.8mm — reverted.
2026-06-15T00:20:29 [WARNING ] pipeline.registration.1.2.840.113619.2.359.3.2831208971.265.1590967284.608 — [Venous] Pass 2 rejected: centroid 18.7mm > Pass1 1.8mm — reverted.
2026-06-15T00:21:11 [WARNING ] pipeline.registration.1.2.840.113619.2.359.3.2831208971.298.1585268502.426 — [Other] Pass 2 rejected: centroid 11.2mm > Pass1 2.1mm — reverted.
2026-06-15T00:21:12 [INFO    ] pipeline.registration.1.2.840.113619.2.359.3.2831208971.47.1588634888.707 — Starting registration: 1.2.840.113619.2.359.3.2831208971.47.1588634888.707
2026-06-15T00:21:37 [WARNING ] pipeline.registration.1.2.840.113619.2.359.3.2831208971.265.1590967284.608 — [Other] Pass 2 rejected: centroid 6.9mm > Pass1 4.4mm — reverted.
2026-06-15T00:22:06 [WARNING ] pipeline.registration.1.2.840.113619.2.359.3.2831208971.47.1588634888.707 — [Arterial] Pass 2 rejected: centroid 5.4mm > Pass1 3.6mm — reverted.
2026-06-15T00:22:48 [WARNING ] pipeline.registration.1.2.840.113619.2.359.3.2831208971.265.1590967284.608 — [Other] Pass 2 rejected: centroid 6.9mm > Pass1 4.4mm — reverted.
2026-06-15T00:22:50 [INFO    ] pipeline.registration.1.2.840.113619.2.359.3.2831208971.27.1557706776.428 — Starting registration: 1.2.840.113619.2.359.3.2831208971.27.1557706776.428
2026-06-15T00:22:56 [WARNING ] pipeline.registration.1.2.840.113619.2.359.3.2831208971.47.1588634888.707 — [Venous] Pass 2 rejected: centroid 6.1mm > Pass1 2.8mm — reverted.
2026-06-15T00:23:36 [WARNING ] pipeline.registration.1.2.840.113619.2.359.3.2831208971.27.1557706776.428 — [Arterial] Pass 2 rejected: centroid 39.8mm > Pass1 1.3mm — reverted.
2026-06-15T00:23:43 [WARNING ] pipeline.registration.1.2.840.113619.2.359.3.2831208971.47.1588634888.707 — [Other] Pass 2 rejected: centroid 9.0mm > Pass1 2.5mm — reverted.
2026-06-15T00:23:44 [INFO    ] pipeline.registration.1.2.840.113619.2.359.3.2831208971.52.1577664888.632 — Starting registration: 1.2.840.113619.2.359.3.2831208971.52.1577664888.632
2026-06-15T00:23:52 [WARNING ] pipeline.registration.1.2.840.113619.2.359.3.2831208971.52.1577664888.632 — [Arterial] Pass 0 Kabsch refinement-set residual 20.4mm > 20mm
2026-06-15T00:24:19 [WARNING ] pipeline.registration.1.2.840.113619.2.359.3.2831208971.27.1557706776.428 — [Venous] Pass 2 rejected: centroid 9.0mm > Pass1 1.6mm — reverted.
2026-06-15T00:24:33 [WARNING ] pipeline.registration.1.2.840.113619.2.359.3.2831208971.52.1577664888.632 — [Arterial] Pass 2 rejected: centroid 17.0mm > Pass1 7.9mm — reverted.
2026-06-15T00:25:10 [WARNING ] pipeline.registration.1.2.840.113619.2.359.3.2831208971.27.1557706776.428 — [Other] Pass 2 rejected: centroid 56.3mm > Pass1 1.7mm — reverted.
2026-06-15T00:25:31 [WARNING ] pipeline.registration.1.2.840.113619.2.359.3.2831208971.52.1577664888.632 — [Other] Pass 2 rejected: centroid 12.8mm > Pass1 8.0mm — reverted.
2026-06-15T00:26:01 [WARNING ] pipeline.registration.1.2.840.113619.2.359.3.2831208971.27.1557706776.428 — [Other] Pass 2 rejected: centroid 56.3mm > Pass1 1.7mm — reverted.
2026-06-15T00:26:02 [INFO    ] pipeline.registration.1.2.840.113619.2.359.3.2831208971.27.1589930824.148 — Starting registration: 1.2.840.113619.2.359.3.2831208971.27.1589930824.148
2026-06-15T00:26:22 [WARNING ] pipeline.registration.1.2.840.113619.2.359.3.2831208971.52.1577664888.632 — [Venous] Pass 2 rejected: centroid 24.0mm > Pass1 2.6mm — reverted.
2026-06-15T00:26:22 [INFO    ] pipeline.registration.1.2.840.113619.2.359.3.2831208971.846.1591140723.79 — Starting registration: 1.2.840.113619.2.359.3.2831208971.846.1591140723.79
2026-06-15T00:27:23 [WARNING ] pipeline.registration.1.2.840.113619.2.359.3.2831208971.27.1589930824.148 — [Venous] Pass 2 rejected: centroid 5.9mm > Pass1 4.1mm — reverted.
2026-06-15T00:27:29 [WARNING ] pipeline.registration.1.2.840.113619.2.359.3.2831208971.846.1591140723.79 — [Arterial] Pass 2 rejected: centroid 8.4mm > Pass1 4.5mm — reverted.
2026-06-15T00:27:33 [WARNING ] pipeline.registration.1.2.840.113619.2.359.3.2831208971.27.1589930824.148 — [Arterial] Pass 0 Kabsch refinement-set residual 22.5mm > 20mm
2026-06-15T00:28:30 [WARNING ] pipeline.registration.1.2.840.113619.2.359.3.2831208971.846.1591140723.79 — [Venous] Pass 2 rejected: centroid 5.4mm > Pass1 2.7mm — reverted.
2026-06-15T00:28:36 [WARNING ] pipeline.registration.1.2.840.113619.2.359.3.2831208971.27.1589930824.148 — [Arterial] Pass 2 rejected: centroid 19.6mm > Pass1 11.4mm — reverted.
2026-06-15T00:29:29 [WARNING ] pipeline.registration.1.2.840.113619.2.359.3.2831208971.846.1591140723.79 — [Other] Pass 2 rejected: centroid 5.9mm > Pass1 2.6mm — reverted.
2026-06-15T00:29:31 [INFO    ] pipeline.registration.1.2.840.113619.2.359.3.2831208971.849.1570580228.36 — Starting registration: 1.2.840.113619.2.359.3.2831208971.849.1570580228.36
2026-06-15T00:29:47 [WARNING ] pipeline.registration.1.2.840.113619.2.359.3.2831208971.27.1589930824.148 — [Other] Pass 2 rejected: centroid 7.2mm > Pass1 6.6mm — reverted.
2026-06-15T00:29:49 [INFO    ] pipeline.registration.1.2.840.113619.2.359.3.2831208971.294.1582849361.600 — Starting registration: 1.2.840.113619.2.359.3.2831208971.294.1582849361.600
2026-06-15T00:30:17 [WARNING ] pipeline.registration.1.2.840.113619.2.359.3.2831208971.849.1570580228.36 — [Arterial] Pass 2 rejected: centroid 22.9mm > Pass1 2.2mm — reverted.
2026-06-15T00:30:43 [WARNING ] pipeline.registration.1.2.840.113619.2.359.3.2831208971.294.1582849361.600 — [Arterial] Pass 2 rejected: centroid 23.5mm > Pass1 1.1mm — reverted.
2026-06-15T00:31:00 [WARNING ] pipeline.registration.1.2.840.113619.2.359.3.2831208971.849.1570580228.36 — [Venous] Pass 2 rejected: centroid 11.5mm > Pass1 1.9mm — reverted.
2026-06-15T00:31:04 [WARNING ] pipeline.registration.1.2.840.113619.2.359.3.2831208971.849.1570580228.36 — [Other] Pass 0 Kabsch refinement-set residual 64.7mm > 20mm
2026-06-15T00:31:44 [WARNING ] pipeline.registration.1.2.840.113619.2.359.3.2831208971.849.1570580228.36 — [Other] Pass 2 rejected: centroid 20.6mm > Pass1 6.9mm — reverted.
2026-06-15T00:31:44 [INFO    ] pipeline.registration.1.2.840.113619.2.359.3.2831208971.86.1583974413.503 — Starting registration: 1.2.840.113619.2.359.3.2831208971.86.1583974413.503
2026-06-15T00:32:33 [WARNING ] pipeline.registration.1.2.840.113619.2.359.3.2831208971.294.1582849361.600 — [Other] Pass 2 rejected: centroid 5.7mm > Pass1 1.6mm — reverted.
2026-06-15T00:32:34 [INFO    ] pipeline.registration.1.2.840.113619.2.359.3.2831208971.298.1585268502.426 — Starting registration: 1.2.840.113619.2.359.3.2831208971.298.1585268502.426
2026-06-15T00:32:38 [WARNING ] pipeline.registration.1.2.840.113619.2.359.3.2831208971.86.1583974413.503 — [Arterial] Pass 2 rejected: centroid 7.0mm > Pass1 2.8mm — reverted.
2026-06-15T00:33:37 [WARNING ] pipeline.registration.1.2.840.113619.2.359.3.2831208971.86.1583974413.503 — [Venous] Pass 2 rejected: centroid 4.8mm > Pass1 3.3mm — reverted.
2026-06-15T00:33:38 [INFO    ] pipeline.registration.1.2.840.113619.2.359.3.2831208971.881.1583886732.445 — Starting registration: 1.2.840.113619.2.359.3.2831208971.881.1583886732.445
2026-06-15T00:33:42 [WARNING ] pipeline.registration.1.2.840.113619.2.359.3.2831208971.298.1585268502.426 — [Arterial] Pass 2 rejected: centroid 3.7mm > Pass1 2.8mm — reverted.
2026-06-15T00:34:33 [WARNING ] pipeline.registration.1.2.840.113619.2.359.3.2831208971.881.1583886732.445 — [Arterial] Pass 2 rejected: centroid 3.6mm > Pass1 2.5mm — reverted.
2026-06-15T00:34:51 [WARNING ] pipeline.registration.1.2.840.113619.2.359.3.2831208971.298.1585268502.426 — [Venous] Pass 2 rejected: centroid 13.2mm > Pass1 3.7mm — reverted.
2026-06-15T00:35:31 [WARNING ] pipeline.registration.1.2.840.113619.2.359.3.2831208971.881.1583886732.445 — [Other] Pass 2 rejected: centroid 3.7mm > Pass1 1.7mm — reverted.
2026-06-15T00:35:48 [WARNING ] pipeline.registration.1.2.840.113619.2.359.3.2831208971.298.1585268502.426 — [Other] Pass 2 rejected: centroid 7.2mm > Pass1 2.0mm — reverted.
2026-06-15T00:35:49 [INFO    ] pipeline.registration.1.2.840.113619.2.359.3.2831208971.47.1588634888.707 — Starting registration: 1.2.840.113619.2.359.3.2831208971.47.1588634888.707
2026-06-15T00:36:18 [WARNING ] pipeline.registration.1.2.840.113619.2.359.3.2831208971.881.1583886732.445 — [Venous] Pass 2 rejected: centroid 2.7mm > Pass1 2.1mm — reverted.
2026-06-15T00:36:19 [INFO    ] pipeline.registration.1.2.840.113619.2.359.3.2831208971.992.1592264343.741 — Starting registration: 1.2.840.113619.2.359.3.2831208971.992.1592264343.741
2026-06-15T00:36:36 [WARNING ] pipeline.registration.1.2.840.113619.2.359.3.2831208971.47.1588634888.707 — [Arterial] Pass 2 rejected: centroid 8.4mm > Pass1 4.8mm — reverted.
2026-06-15T00:37:07 [WARNING ] pipeline.registration.1.2.840.113619.2.359.3.2831208971.992.1592264343.741 — [Arterial] Pass 2 rejected: centroid 7.8mm > Pass1 3.0mm — reverted.
2026-06-15T00:37:26 [WARNING ] pipeline.registration.1.2.840.113619.2.359.3.2831208971.47.1588634888.707 — [Venous] Pass 2 rejected: centroid 10.8mm > Pass1 7.4mm — reverted.
2026-06-15T00:37:58 [WARNING ] pipeline.registration.1.2.840.113619.2.359.3.2831208971.992.1592264343.741 — [Venous] Pass 2 rejected: centroid 11.6mm > Pass1 4.1mm — reverted.
2026-06-15T00:38:18 [WARNING ] pipeline.registration.1.2.840.113619.2.359.3.2831208971.47.1588634888.707 — [Other] Pass 2 rejected: centroid 3.9mm > Pass1 2.2mm — reverted.
2026-06-15T00:38:46 [WARNING ] pipeline.registration.1.2.840.113619.2.359.3.2831208971.992.1592264343.741 — [Other] Pass 2 rejected: centroid 7.0mm > Pass1 3.0mm — reverted.
