study_id,series_id,phase,status,nc_n_kabsch_organs,mov_n_kabsch_organs,common_kabsch_organs,common_bone_organs,common_anchor_organs,nc_det,mov_det,det_sign_match,z_offset_mean_mm,z_offset_std_mm,xy_mean_mm,xy_max_mm,mean_centroid_3d,seg_path,flags
1.2.392.200036.9116.2.5.1.37.2418751871.1432695579.168588,1.2.392.200036.9116.2.5.1.37.2418751871.1432696054.719704,Arterial,BAD,12.0,12.0,12.0,4.0,4.0,1.0,1.0,True,-8.8,6.3,3.1,7.2,9.5,,LARGE_CENTROID_DIST: spleen=17.5mm | IVC=16.8mm
1.2.392.200036.9116.2.5.1.37.2418751871.1432695579.168588,1.2.392.200036.9116.2.5.1.37.2418751871.1432696175.178596,Venous,BAD,12.0,12.0,12.0,4.0,4.0,1.0,1.0,True,37.7,3.9,2.2,3.7,34.5,,LARGE_CENTROID_DIST: liver=43.1mm | spleen=32.2mm | kidney_L=38.0mm | kidney_R=38.0mm | pancreas=53.3mm | gallbladder=36.6mm | IVC=16.1mm | L1=40.7mm | L2=40.7mm | L3=40.8mm | spinal_cord=24.2mm
1.2.392.200036.9116.2.5.1.37.2418751871.1497923284.55315,1.2.392.200036.9116.2.5.1.37.2418751871.1497923642.326997,Arterial,OK,12.0,12.0,12.0,4.0,4.0,1.0,1.0,True,6.4,2.0,3.8,4.3,7.0,,
1.2.392.200036.9116.2.5.1.37.2418751871.1497923284.55315,1.2.392.200036.9116.2.5.1.37.2418751871.1497923800.35888,Venous,OK,12.0,12.0,12.0,4.0,4.0,1.0,1.0,True,5.0,2.8,4.4,6.0,6.4,,
1.2.392.200036.9116.2.5.1.37.2418751871.1522984884.757455,1.2.392.200036.9116.2.5.1.37.2418751871.1522985252.600093,Arterial,BAD,12.0,12.0,12.0,4.0,4.0,1.0,1.0,True,-2.1,0.9,1.3,1.8,3.9,,LARGE_CENTROID_DIST: IVC=17.5mm
1.2.392.200036.9116.2.5.1.37.2418751871.1522984884.757455,1.2.392.200036.9116.2.5.1.37.2418751871.1522985393.543093,Venous,OK,12.0,12.0,12.0,4.0,4.0,1.0,1.0,True,0.0,1.1,2.4,4.1,3.5,,
1.2.392.200036.9116.2.5.1.37.2418751871.1523338564.321791,1.2.392.200036.9116.2.5.1.37.2418751871.1523338966.131299,Arterial,OK,12.0,12.0,12.0,4.0,4.0,1.0,1.0,True,6.9,0.8,2.2,2.8,7.5,,
1.2.392.200036.9116.2.5.1.37.2418751871.1523338564.321791,1.2.392.200036.9116.2.5.1.37.2418751871.1523339073.436725,Venous,BAD,12.0,12.0,12.0,4.0,4.0,1.0,1.0,True,34.4,0.7,1.9,3.0,31.4,,LARGE_CENTROID_DIST: liver=33.9mm | spleen=34.0mm | kidney_L=34.2mm | kidney_R=35.6mm | pancreas=33.5mm | gallbladder=36.0mm | aorta=15.8mm | IVC=25.6mm | L1=35.8mm | L2=35.6mm | L3=35.7mm | spinal_cord=20.4mm
1.2.392.200036.9116.2.5.1.37.2418751871.1526972837.526920,1.2.392.200036.9116.2.5.1.37.2418751871.1526973181.155618,Arterial,BAD,12.0,12.0,12.0,4.0,4.0,1.0,1.0,True,-55.5,1.4,1.5,2.5,47.8,,LARGE_CENTROID_DIST: liver=53.7mm | spleen=57.2mm | kidney_L=54.8mm | kidney_R=56.4mm | pancreas=59.1mm | gallbladder=54.3mm | aorta=40.4mm | IVC=17.1mm | L1=48.7mm | L2=44.2mm | L3=53.2mm | spinal_cord=34.7mm
1.2.392.200036.9116.2.5.1.37.2418751871.1526972837.526920,1.2.392.200036.9116.2.5.1.37.2418751871.1526973364.470863,Venous,BAD,12.0,12.0,12.0,4.0,4.0,1.0,1.0,True,0.4,1.2,3.0,6.8,6.6,,LARGE_CENTROID_DIST: aorta=18.1mm | L2=22.8mm
1.2.392.200036.9116.2.5.1.37.2418751871.1528603299.120286,1.2.392.200036.9116.2.5.1.37.2418751871.1528603931.876306,Arterial,BAD,12.0,12.0,12.0,4.0,4.0,1.0,1.0,True,-16.0,8.1,2.0,3.7,13.5,,LARGE_CENTROID_DIST: spleen=30.1mm | IVC=34.2mm
1.2.392.200036.9116.2.5.1.37.2418751871.1528603299.120286,1.2.392.200036.9116.2.5.1.37.2418751871.1528604098.511943,Venous,BAD,12.0,11.0,11.0,4.0,4.0,1.0,1.0,True,20.8,6.1,1.7,3.4,19.0,,LARGE_CENTROID_DIST: liver=24.5mm | kidney_L=22.9mm | kidney_R=25.5mm | pancreas=23.8mm | L1=24.2mm | L2=24.2mm | L3=24.1mm | spinal_cord=16.0mm
1.2.392.200036.9116.2.5.1.37.2418751871.1530156734.608221,1.2.392.200036.9116.2.5.1.37.2418751871.1530157223.83065,Arterial,BAD,12.0,12.0,12.0,4.0,4.0,1.0,1.0,True,-32.2,0.9,1.1,1.6,29.3,,LARGE_CENTROID_DIST: liver=33.5mm | spleen=31.0mm | kidney_L=32.5mm | kidney_R=31.7mm | pancreas=32.1mm | gallbladder=41.7mm | IVC=27.9mm | L1=32.4mm | L2=32.4mm | L3=32.4mm | spinal_cord=18.8mm
1.2.392.200036.9116.2.5.1.37.2418751871.1530156734.608221,1.2.392.200036.9116.2.5.1.37.2418751871.1530157360.405851,Venous,BAD,12.0,12.0,12.0,4.0,4.0,1.0,1.0,True,-17.2,1.4,0.7,1.3,15.6,,LARGE_CENTROID_DIST: liver=16.5mm | spleen=18.8mm | kidney_L=18.1mm | kidney_R=15.4mm | pancreas=16.7mm | gallbladder=21.7mm | IVC=18.2mm | L1=17.0mm | L2=17.1mm | L3=17.1mm
1.2.392.200036.9116.2.5.1.37.2418751871.1530156734.608221,1.2.392.200036.9116.2.5.1.37.2418751873.1530149367.226128,Arterial,file_missing,,,,,,,,,,,,,,../ncct_cect/vindr_ds/aligned_volumes/1.2.392.200036.9116.2.5.1.37.2418751871.1530156734.608221/1.2.392.200036.9116.2.5.1.37.2418751871.1530156734.608221_1.2.392.200036.9116.2.5.1.37.2418751873.1530149367.226128_aligned_seg_reg.nii.gz,
1.2.392.200036.9116.2.5.1.37.2418751871.1533522625.630037,1.2.392.200036.9116.2.5.1.37.2418751871.1533523026.835373,Arterial,BAD,12.0,12.0,12.0,4.0,4.0,1.0,1.0,True,-52.8,2.5,3.0,5.6,44.8,,LARGE_CENTROID_DIST: liver=55.9mm | spleen=55.3mm | kidney_L=49.8mm | kidney_R=50.8mm | pancreas=51.6mm | gallbladder=58.7mm | aorta=18.7mm | IVC=25.8mm | L1=47.6mm | L2=47.6mm | L3=47.7mm | spinal_cord=27.9mm
1.2.392.200036.9116.2.5.1.37.2418751871.1533522625.630037,1.2.392.200036.9116.2.5.1.37.2418751871.1533523167.636483,Venous,BAD,12.0,12.0,12.0,4.0,4.0,1.0,1.0,True,1.2,3.5,14.2,19.4,18.3,,LARGE_CENTROID_DIST: liver=19.5mm | spleen=19.1mm | gallbladder=20.4mm | IVC=15.4mm | L1=27.3mm | L2=27.3mm | L3=27.2mm | spinal_cord=17.3mm
1.2.392.200036.9116.2.5.1.37.2418751871.1542254308.519780,1.2.392.200036.9116.2.5.1.37.2418751871.1542254802.642132,Arterial,BAD,12.0,12.0,12.0,4.0,4.0,1.0,1.0,True,5.6,1.4,2.1,3.5,7.3,,LARGE_CENTROID_DIST: IVC=20.2mm
1.2.392.200036.9116.2.5.1.37.2418751871.1542254308.519780,1.2.392.200036.9116.2.5.1.37.2418751871.1542254914.500427,Venous,OK,12.0,12.0,12.0,4.0,4.0,1.0,1.0,True,3.6,1.3,3.9,5.9,5.3,,
1.2.392.200036.9116.2.5.1.37.2418751871.1573179664.62772,1.2.392.200036.9116.2.5.1.37.2418751871.1573180018.314101,Arterial,OK,12.0,12.0,12.0,4.0,4.0,1.0,1.0,True,1.6,1.0,1.4,1.8,1.9,,
1.2.392.200036.9116.2.5.1.37.2418751871.1573179664.62772,1.2.392.200036.9116.2.5.1.37.2418751871.1573180153.428703,Venous,OK,12.0,12.0,12.0,4.0,4.0,1.0,1.0,True,-2.7,1.1,0.7,1.1,2.7,,
1.2.392.200036.9116.2.5.1.37.2418751871.1573181976.738010,1.2.392.200036.9116.2.5.1.37.2418751871.1573182356.274039,Arterial,BAD,11.0,11.0,11.0,4.0,4.0,1.0,1.0,True,0.0,0.7,1.0,1.6,4.0,,LARGE_CENTROID_DIST: L2=19.2mm
1.2.392.200036.9116.2.5.1.37.2418751871.1573181976.738010,1.2.392.200036.9116.2.5.1.37.2418751871.1573182495.4289,Venous,BAD,11.0,11.0,11.0,4.0,4.0,1.0,1.0,True,14.5,0.9,1.3,2.7,15.4,,LARGE_CENTROID_DIST: liver=15.5mm | kidney_R=15.3mm | pancreas=15.4mm | IVC=18.0mm | L1=17.9mm | L2=31.0mm | L3=15.1mm
1.2.392.200036.9116.2.5.1.37.2418751871.1573442981.375377,1.2.392.200036.9116.2.5.1.37.2418751871.1573443357.791448,Arterial,BAD,12.0,12.0,12.0,4.0,4.0,1.0,1.0,True,-3.7,3.5,17.3,21.2,17.3,,LARGE_CENTROID_DIST: spleen=19.8mm | kidney_L=19.2mm | kidney_R=21.7mm | IVC=16.3mm | L1=19.0mm | L2=20.8mm | L3=22.2mm | spinal_cord=20.5mm
1.2.392.200036.9116.2.5.1.37.2418751871.1573442981.375377,1.2.392.200036.9116.2.5.1.37.2418751871.1573443505.688591,Venous,BAD,12.0,12.0,12.0,4.0,4.0,1.0,1.0,True,-6.7,4.9,17.1,21.4,17.1,,LARGE_CENTROID_DIST: spleen=21.3mm | kidney_L=21.4mm | kidney_R=22.0mm | IVC=16.7mm | L1=18.6mm | L2=20.4mm | L3=21.8mm | spinal_cord=20.2mm
1.2.392.200036.9116.2.5.1.37.2418751871.1573604712.598232,1.2.392.200036.9116.2.5.1.37.2418751871.1573605068.552570,Arterial,OK,12.0,12.0,12.0,4.0,4.0,1.0,1.0,True,-8.4,1.2,1.7,4.0,8.1,,
1.2.392.200036.9116.2.5.1.37.2418751871.1573604712.598232,1.2.392.200036.9116.2.5.1.37.2418751871.1573605184.67969,Venous,OK,12.0,12.0,12.0,4.0,4.0,1.0,1.0,True,1.2,2.3,1.8,2.6,3.0,,
1.2.392.200036.9116.2.5.1.37.2418751871.1573609663.550134,1.2.392.200036.9116.2.5.1.37.2418751871.1573610053.733799,Arterial,OK,12.0,12.0,12.0,4.0,4.0,1.0,1.0,True,1.7,2.7,7.1,11.1,7.3,,
1.2.392.200036.9116.2.5.1.37.2418751871.1573609663.550134,1.2.392.200036.9116.2.5.1.37.2418751871.1573610197.815054,Venous,OK,12.0,12.0,12.0,4.0,4.0,1.0,1.0,True,1.8,1.3,3.0,3.9,4.0,,
1.2.392.200036.9116.2.5.1.37.2418751871.1573613878.909734,1.2.392.200036.9116.2.5.1.37.2418751871.1573614240.347822,Arterial,OK,12.0,12.0,12.0,4.0,4.0,1.0,1.0,True,-12.6,0.3,2.7,4.2,11.7,,
1.2.392.200036.9116.2.5.1.37.2418751871.1573613878.909734,1.2.392.200036.9116.2.5.1.37.2418751871.1573614374.759012,Venous,BAD,12.0,12.0,12.0,4.0,4.0,1.0,1.0,True,-14.4,0.3,1.8,3.5,13.8,,LARGE_CENTROID_DIST: kidney_L=15.0mm | pancreas=15.5mm | gallbladder=17.0mm
1.2.392.200036.9116.2.5.1.37.2418751871.1573700569.639395,1.2.392.200036.9116.2.5.1.37.2418751871.1573700973.624800,Arterial,OK,12.0,12.0,12.0,4.0,4.0,1.0,1.0,True,0.6,0.7,1.5,1.9,2.2,,
1.2.392.200036.9116.2.5.1.37.2418751871.1573700569.639395,1.2.392.200036.9116.2.5.1.37.2418751871.1573701085.530197,Venous,OK,12.0,12.0,12.0,4.0,4.0,1.0,1.0,True,2.9,0.9,1.0,1.3,2.8,,
1.2.392.200036.9116.2.5.1.37.2418751871.1574308298.505216,1.2.392.200036.9116.2.5.1.37.2418751871.1574308657.765101,Arterial,BAD,12.0,12.0,12.0,4.0,4.0,1.0,1.0,True,-7.3,3.6,8.0,19.0,12.5,,LARGE_CENTROID_DIST: spleen=22.0mm | pancreas=19.8mm | L1=15.0mm | L2=15.3mm | L3=15.4mm
1.2.392.200036.9116.2.5.1.37.2418751871.1574308298.505216,1.2.392.200036.9116.2.5.1.37.2418751871.1574308815.58753,Venous,BAD,12.0,12.0,12.0,4.0,4.0,1.0,1.0,True,-7.6,1.2,2.3,3.5,7.6,,LARGE_CENTROID_DIST: IVC=16.6mm
1.2.392.200036.9116.2.5.1.37.2418751871.1574651082.95426,1.2.392.200036.9116.2.5.1.37.2418751871.1574651406.540758,Arterial,OK,12.0,12.0,12.0,4.0,4.0,1.0,1.0,True,6.4,0.6,4.8,6.4,6.4,,
1.2.392.200036.9116.2.5.1.37.2418751871.1574651082.95426,1.2.392.200036.9116.2.5.1.37.2418751871.1574651550.58008,Venous,OK,12.0,12.0,12.0,4.0,4.0,1.0,1.0,True,4.5,0.6,2.0,2.8,4.7,,
1.2.392.200036.9116.2.5.1.37.2418751871.1574652927.757399,1.2.392.200036.9116.2.5.1.37.2418751871.1574653294.529158,Arterial,OK,12.0,12.0,12.0,4.0,4.0,1.0,1.0,True,9.6,1.3,1.7,2.4,6.8,,
1.2.392.200036.9116.2.5.1.37.2418751871.1574652927.757399,1.2.392.200036.9116.2.5.1.37.2418751871.1574653441.636174,Venous,OK,12.0,12.0,12.0,4.0,4.0,1.0,1.0,True,12.0,1.6,1.1,1.3,9.8,,
1.2.392.200036.9116.2.5.1.37.2418751871.1574734831.134817,1.2.392.200036.9116.2.5.1.37.2418751871.1574735190.12206,Arterial,OK,12.0,12.0,12.0,4.0,4.0,1.0,1.0,True,-5.7,3.0,2.6,6.1,5.2,,
1.2.392.200036.9116.2.5.1.37.2418751871.1574734831.134817,1.2.392.200036.9116.2.5.1.37.2418751871.1574735331.26278,Venous,OK,12.0,12.0,12.0,4.0,4.0,1.0,1.0,True,-1.6,1.5,2.1,3.9,2.5,,
1.2.392.200036.9116.2.5.1.37.2418751871.1574736893.449879,1.2.392.200036.9116.2.5.1.37.2418751871.1574737322.988342,Arterial,BAD,12.0,12.0,12.0,4.0,4.0,1.0,1.0,True,-2.7,2.5,1.9,4.4,5.2,,LARGE_CENTROID_DIST: IVC=24.0mm
1.2.392.200036.9116.2.5.1.37.2418751871.1574736893.449879,1.2.392.200036.9116.2.5.1.37.2418751871.1574737469.513228,Venous,BAD,12.0,12.0,12.0,4.0,4.0,1.0,1.0,True,-0.8,2.0,3.9,4.6,8.7,,LARGE_CENTROID_DIST: IVC=24.3mm
1.2.840.113619.2.278.3.717616.166.1580339212.908,1.2.840.113619.2.278.3.717616.166.1580339213.59.5246977,Arterial,BAD,12.0,12.0,12.0,4.0,4.0,1.0,1.0,True,-16.5,1.1,1.1,2.4,17.4,,LARGE_CENTROID_DIST: liver=16.8mm | spleen=17.9mm | kidney_R=16.5mm | pancreas=23.0mm | gallbladder=16.5mm | IVC=41.8mm
1.2.840.113619.2.278.3.717616.166.1580339212.908,1.2.840.113619.2.278.3.717616.166.1580339213.59.5251074,Venous,OK,12.0,12.0,12.0,4.0,4.0,1.0,1.0,True,-1.8,2.6,1.5,3.1,4.1,,
1.2.840.113619.2.278.3.717616.166.1580339213.591,1.2.840.113619.2.278.3.717616.166.1580339213.696.4202498,Venous,OK,11.0,11.0,11.0,4.0,4.0,1.0,1.0,True,-0.9,0.8,1.6,2.2,2.2,,
1.2.840.113619.2.278.3.717616.166.1580339218.937,1.2.840.113619.2.278.3.717616.166.1580339219.79.4198401,Arterial,BAD,12.0,12.0,12.0,4.0,4.0,1.0,1.0,True,-25.7,0.3,3.4,5.1,22.8,,LARGE_CENTROID_DIST: liver=25.3mm | spleen=26.5mm | kidney_L=25.9mm | kidney_R=25.9mm | pancreas=24.3mm | gallbladder=21.8mm | IVC=27.9mm | L1=25.9mm | L2=25.7mm | L3=25.6mm
1.2.840.113619.2.278.3.717616.166.1580339218.937,1.2.840.113619.2.278.3.717616.166.1580339219.79.4202498,Venous,BAD,12.0,12.0,12.0,4.0,4.0,1.0,1.0,True,-25.6,1.5,7.6,9.7,19.0,,LARGE_CENTROID_DIST: liver=24.8mm | spleen=26.9mm | kidney_L=28.6mm | kidney_R=26.7mm | pancreas=21.9mm | gallbladder=19.7mm | IVC=23.3mm | L1=15.2mm
1.2.840.113619.2.278.3.717616.166.1580339223.519,1.2.840.113619.2.278.3.717616.166.1580339223.616.4198401,Arterial,OK,12.0,12.0,12.0,4.0,4.0,1.0,1.0,True,6.5,0.7,0.9,1.3,5.8,,
1.2.840.113619.2.278.3.717616.166.1580339223.519,1.2.840.113619.2.278.3.717616.166.1580339223.616.4202498,Venous,OK,12.0,12.0,12.0,4.0,4.0,1.0,1.0,True,6.3,0.7,1.7,2.2,5.4,,
1.2.840.113619.2.278.3.717616.166.1580339223.956,1.2.840.113619.2.278.3.717616.166.1580339224.53.4198401,Arterial,OK,12.0,12.0,12.0,4.0,4.0,1.0,1.0,True,-0.0,2.1,3.6,6.2,5.2,,
1.2.840.113619.2.278.3.717616.166.1580339223.956,1.2.840.113619.2.278.3.717616.166.1580339224.53.4202498,Venous,BAD,12.0,12.0,12.0,4.0,4.0,1.0,1.0,True,-0.1,4.4,4.9,7.8,8.2,,LARGE_CENTROID_DIST: IVC=23.5mm
1.2.840.113619.2.278.3.717616.166.1580339224.657,1.2.840.113619.2.278.3.717616.166.1580339224.754.4198401,Arterial,OK,12.0,12.0,12.0,4.0,4.0,1.0,1.0,True,-2.3,1.7,1.2,1.5,2.9,,
1.2.840.113619.2.278.3.717616.166.1580339224.657,1.2.840.113619.2.278.3.717616.166.1580339224.754.4202498,Venous,OK,12.0,12.0,12.0,4.0,4.0,1.0,1.0,True,-1.2,1.6,0.9,1.7,2.0,,
1.2.840.113619.2.278.3.717616.166.1580339230.481,1.2.840.113619.2.278.3.717616.166.1580339230.573.4198401,Arterial,OK,12.0,12.0,12.0,4.0,4.0,1.0,1.0,True,-3.7,0.2,1.8,2.4,5.3,,
1.2.840.113619.2.278.3.717616.166.1580339230.481,1.2.840.113619.2.278.3.717616.166.1580339230.573.4202498,Venous,OK,12.0,12.0,12.0,4.0,4.0,1.0,1.0,True,-3.9,0.5,1.5,2.0,4.7,,
1.2.840.113619.2.278.3.717616.202.1592287869.821,1.2.840.113619.2.278.3.717616.202.1592287869.941.4198401,Arterial,OK,12.0,12.0,12.0,4.0,4.0,1.0,1.0,True,-2.8,0.6,1.9,4.2,3.7,,
1.2.840.113619.2.278.3.717616.202.1592287869.821,1.2.840.113619.2.278.3.717616.202.1592287869.941.4202498,Venous,BAD,12.0,12.0,12.0,4.0,4.0,1.0,1.0,True,-12.4,0.5,0.8,1.0,11.7,,LARGE_CENTROID_DIST: pancreas=15.3mm | gallbladder=15.4mm | IVC=15.1mm
1.2.840.113619.2.278.3.717616.202.1592287871.359,1.2.840.113619.2.278.3.717616.202.1592287871.456.4198401,Arterial,OK,12.0,12.0,12.0,4.0,4.0,1.0,1.0,True,2.9,1.2,2.8,5.0,5.7,,
1.2.840.113619.2.278.3.717616.202.1592287871.359,1.2.840.113619.2.278.3.717616.202.1592287871.456.4202498,Venous,BAD,12.0,12.0,12.0,4.0,4.0,1.0,1.0,True,5.0,3.0,5.3,11.3,8.1,,LARGE_CENTROID_DIST: IVC=25.9mm
1.2.840.113619.2.278.3.717616.202.1592287875.688,1.2.840.113619.2.278.3.717616.202.1592287875.783.4198401,Arterial,BAD,12.0,12.0,12.0,4.0,4.0,1.0,1.0,True,-24.5,1.1,1.3,2.0,21.5,,LARGE_CENTROID_DIST: liver=26.1mm | spleen=23.8mm | kidney_L=23.2mm | kidney_R=25.0mm | pancreas=26.3mm | gallbladder=24.8mm | IVC=17.8mm | L1=24.2mm | L2=23.8mm | L3=23.6mm
1.2.840.113619.2.278.3.717616.202.1592287875.688,1.2.840.113619.2.278.3.717616.202.1592287875.783.4202498,Venous,OK,12.0,12.0,12.0,4.0,4.0,1.0,1.0,True,5.0,1.0,1.1,1.7,5.2,,
1.2.840.113619.2.278.3.717616.202.1592287876.601,1.2.840.113619.2.278.3.717616.202.1592287876.703.4198401,Arterial,BAD,12.0,12.0,12.0,4.0,4.0,1.0,1.0,True,-16.7,3.0,2.0,3.3,15.9,,LARGE_CENTROID_DIST: liver=20.9mm | spleen=16.3mm | kidney_R=17.7mm | pancreas=21.4mm | gallbladder=20.4mm | IVC=19.2mm | L1=16.9mm | L2=16.5mm | L3=15.5mm
1.2.840.113619.2.278.3.717616.202.1592287876.601,1.2.840.113619.2.278.3.717616.202.1592287876.703.4202498,Venous,BAD,12.0,12.0,12.0,4.0,4.0,1.0,1.0,True,-17.4,1.9,2.6,3.0,14.6,,LARGE_CENTROID_DIST: liver=18.3mm | spleen=18.5mm | kidney_R=19.4mm | pancreas=18.6mm | gallbladder=18.9mm | IVC=26.7mm
1.2.840.113619.2.278.3.717616.202.1592287879.955,1.2.840.113619.2.278.3.717616.202.1592287880.80.4198401,Arterial,BAD,12.0,12.0,12.0,4.0,4.0,1.0,1.0,True,37.3,0.8,2.8,4.1,32.9,,LARGE_CENTROID_DIST: liver=36.9mm | spleen=37.1mm | kidney_L=38.9mm | kidney_R=36.7mm | pancreas=35.9mm | gallbladder=36.9mm | IVC=32.4mm | L1=36.2mm | L2=36.2mm | L3=36.2mm | spinal_cord=24.7mm
1.2.840.113619.2.278.3.717616.202.1592287879.955,1.2.840.113619.2.278.3.717616.202.1592287880.80.4202498,Venous,BAD,12.0,12.0,12.0,4.0,4.0,1.0,1.0,True,36.7,1.6,2.6,3.7,32.2,,LARGE_CENTROID_DIST: liver=37.4mm | spleen=37.1mm | kidney_L=38.6mm | kidney_R=34.2mm | pancreas=34.1mm | gallbladder=41.3mm | IVC=31.9mm | L1=34.9mm | L2=34.8mm | L3=34.8mm | spinal_cord=17.0mm
1.2.840.113619.2.278.3.717616.202.1592287881.707,1.2.840.113619.2.278.3.717616.202.1592287881.832.4198401,Arterial,BAD,11.0,11.0,11.0,4.0,4.0,1.0,1.0,True,17.1,1.4,1.9,3.1,15.2,,LARGE_CENTROID_DIST: liver=16.2mm | spleen=19.3mm | kidney_L=18.0mm | kidney_R=15.5mm | pancreas=15.1mm | IVC=22.3mm | L1=15.1mm
1.2.840.113619.2.278.3.717616.202.1592287881.707,1.2.840.113619.2.278.3.717616.202.1592287881.832.4202498,Venous,BAD,11.0,11.0,11.0,4.0,4.0,1.0,1.0,True,17.5,2.3,2.8,3.9,14.6,,LARGE_CENTROID_DIST: spleen=18.3mm | kidney_L=19.5mm | kidney_R=19.6mm | IVC=25.1mm
1.2.840.113619.2.278.3.717616.204.1584947859.517,1.2.840.113619.2.278.3.717616.204.1584947859.604.4198401,Arterial,OK,12.0,12.0,12.0,4.0,4.0,1.0,1.0,True,10.7,0.2,1.0,1.1,9.0,,
1.2.840.113619.2.278.3.717616.204.1584947859.517,1.2.840.113619.2.278.3.717616.204.1584947859.604.4202498,Venous,BAD,12.0,12.0,12.0,4.0,4.0,1.0,1.0,True,10.5,0.7,1.5,1.7,9.1,,LARGE_CENTROID_DIST: IVC=15.6mm
1.2.840.113619.2.278.3.717616.204.1584947875.688,1.2.840.113619.2.278.3.717616.204.1584947875.778.4198401,Arterial,BAD,12.0,12.0,12.0,4.0,4.0,1.0,1.0,True,-25.6,0.9,2.1,2.7,23.6,,LARGE_CENTROID_DIST: liver=26.3mm | spleen=24.7mm | kidney_L=24.9mm | kidney_R=26.7mm | pancreas=26.7mm | gallbladder=25.6mm | IVC=24.0mm | L1=27.9mm | L2=27.8mm | L3=28.0mm | spinal_cord=17.5mm
1.2.840.113619.2.278.3.717616.204.1584947875.688,1.2.840.113619.2.278.3.717616.204.1584947875.778.4202498,Venous,OK,12.0,12.0,12.0,4.0,4.0,1.0,1.0,True,5.2,1.0,1.4,1.7,4.0,,
1.2.840.113619.2.278.3.717616.204.1584947878.721,1.2.840.113619.2.278.3.717616.204.1584947878.807.4198401,Arterial,BAD,9.0,12.0,9.0,3.0,3.0,1.0,1.0,True,-16.0,5.8,9.4,20.8,23.0,,LARGE_CENTROID_DIST: liver=23.4mm | kidney_R=24.5mm | pancreas=39.3mm | aorta=20.2mm | IVC=23.4mm | L2=21.7mm | L3=30.2mm
1.2.840.113619.2.278.3.717616.204.1584947878.721,1.2.840.113619.2.278.3.717616.204.1584947878.807.4202498,Venous,file_missing,,,,,,,,,,,,,,../ncct_cect/vindr_ds/aligned_volumes/1.2.840.113619.2.278.3.717616.204.1584947878.721/1.2.840.113619.2.278.3.717616.204.1584947878.721_1.2.840.113619.2.278.3.717616.204.1584947878.807.4202498_aligned_seg_reg.nii.gz,
1.2.840.113619.2.278.3.717616.204.1584947878.721,1.2.840.113619.2.278.3.717616.204.1584947878.967.12,Venous,BAD,9.0,12.0,9.0,3.0,3.0,1.0,1.0,True,-103.4,23.0,17.0,43.1,98.2,,BAD_Z_OFFSET=-103.4mm | LARGE_CENTROID_DIST: liver=85.4mm | kidney_L=106.8mm | kidney_R=129.7mm | pancreas=114.8mm | aorta=61.9mm | IVC=72.9mm | L2=120.1mm | L3=133.8mm | spinal_cord=58.1mm
1.2.840.113619.2.278.3.717616.204.1584947881.751,1.2.840.113619.2.278.3.717616.204.1584947881.906.4198401,Arterial,BAD,12.0,12.0,12.0,4.0,4.0,1.0,1.0,True,-15.0,0.6,1.5,3.0,12.8,,LARGE_CENTROID_DIST: spleen=15.7mm | kidney_L=15.3mm | kidney_R=15.2mm | pancreas=16.0mm
1.2.840.113619.2.278.3.717616.204.1584947881.751,1.2.840.113619.2.278.3.717616.204.1584947881.906.4202498,Venous,BAD,12.0,12.0,12.0,4.0,4.0,1.0,1.0,True,-15.2,1.3,2.7,4.6,12.6,,LARGE_CENTROID_DIST: liver=16.2mm | spleen=16.2mm | kidney_L=16.5mm | pancreas=18.0mm | gallbladder=18.4mm
1.2.840.113619.2.278.3.717616.204.1584947883.344,1.2.840.113619.2.278.3.717616.204.1584947883.439.4198401,Arterial,BAD,12.0,12.0,12.0,4.0,4.0,1.0,1.0,True,-10.6,0.5,1.2,1.4,10.7,,LARGE_CENTROID_DIST: IVC=20.4mm
1.2.840.113619.2.278.3.717616.204.1584947883.344,1.2.840.113619.2.278.3.717616.204.1584947883.439.4202498,Venous,OK,12.0,12.0,12.0,4.0,4.0,1.0,1.0,True,3.3,0.4,0.8,1.4,3.3,,
1.2.840.113619.2.278.3.717616.204.1584947883.344,1.2.840.113619.2.278.3.717616.204.1584947883.792.12,Venous,file_missing,,,,,,,,,,,,,,../ncct_cect/vindr_ds/aligned_volumes/1.2.840.113619.2.278.3.717616.204.1584947883.344/1.2.840.113619.2.278.3.717616.204.1584947883.344_1.2.840.113619.2.278.3.717616.204.1584947883.792.12_aligned_seg_reg.nii.gz,
1.2.840.113619.2.278.3.717616.204.1584947888.428,1.2.840.113619.2.278.3.717616.204.1584947888.518.4198401,Arterial,BAD,12.0,12.0,12.0,4.0,4.0,1.0,1.0,True,-25.1,1.3,2.2,2.7,21.7,,LARGE_CENTROID_DIST: liver=23.5mm | spleen=24.6mm | kidney_L=27.2mm | kidney_R=25.5mm | pancreas=25.8mm | gallbladder=24.9mm | IVC=16.2mm | L1=23.2mm | L2=23.2mm | L3=23.1mm
1.2.840.113619.2.278.3.717616.204.1584947888.428,1.2.840.113619.2.278.3.717616.204.1584947888.518.4202498,Venous,BAD,12.0,12.0,12.0,4.0,4.0,1.0,1.0,True,-15.2,1.2,2.6,3.3,12.6,,LARGE_CENTROID_DIST: kidney_L=17.4mm | kidney_R=15.6mm | pancreas=15.3mm | gallbladder=16.6mm
1.2.840.113619.2.278.3.717616.204.1584947890.185,1.2.840.113619.2.278.3.717616.204.1584947890.283.4198401,Arterial,BAD,12.0,12.0,12.0,4.0,4.0,1.0,1.0,True,30.1,0.2,1.1,1.9,27.3,,LARGE_CENTROID_DIST: liver=29.8mm | spleen=30.1mm | kidney_L=30.3mm | kidney_R=30.2mm | pancreas=30.3mm | gallbladder=30.0mm | IVC=26.8mm | L1=30.0mm | L2=30.0mm | L3=29.7mm | spinal_cord=19.1mm
1.2.840.113619.2.278.3.717616.204.1584947890.185,1.2.840.113619.2.278.3.717616.204.1584947890.283.4202498,Venous,BAD,12.0,12.0,12.0,4.0,4.0,1.0,1.0,True,15.2,0.3,2.0,3.8,13.6,,LARGE_CENTROID_DIST: liver=15.4mm | spleen=15.4mm | kidney_R=15.7mm | pancreas=15.2mm | gallbladder=15.4mm
1.2.840.113619.2.278.3.717616.215.1582589428.278,1.2.840.113619.2.278.3.717616.215.1582589428.376.4198401,Arterial,OK,12.0,12.0,12.0,4.0,4.0,1.0,1.0,True,-9.8,1.0,1.7,3.5,9.0,,
1.2.840.113619.2.278.3.717616.215.1582589428.278,1.2.840.113619.2.278.3.717616.215.1582589428.376.4202498,Venous,BAD,12.0,12.0,12.0,4.0,4.0,1.0,1.0,True,-4.9,2.9,3.6,6.8,4.7,,LARGE_CENTROID_DIST: IVC=15.8mm
1.2.840.113619.2.278.3.717616.228.1585527915.93,1.2.840.113619.2.278.3.717616.228.1585527915.207.4198401,Arterial,BAD,12.0,12.0,12.0,4.0,4.0,1.0,1.0,True,-25.5,1.1,2.1,3.2,22.1,,LARGE_CENTROID_DIST: liver=25.9mm | spleen=27.3mm | kidney_L=24.9mm | kidney_R=24.4mm | pancreas=25.6mm | gallbladder=26.1mm | L1=25.8mm | L2=25.9mm | L3=25.6mm
1.2.840.113619.2.278.3.717616.228.1585527915.93,1.2.840.113619.2.278.3.717616.228.1585527915.207.4202498,Venous,BAD,12.0,12.0,12.0,4.0,4.0,1.0,1.0,True,-20.4,0.4,1.1,1.9,17.5,,LARGE_CENTROID_DIST: liver=20.0mm | spleen=21.1mm | kidney_L=20.4mm | kidney_R=20.1mm | pancreas=19.9mm | gallbladder=21.5mm | L1=21.2mm | L2=21.0mm | L3=20.5mm
1.2.840.113619.2.278.3.717616.228.1585527919.20,1.2.840.113619.2.278.3.717616.228.1585527919.119.4198401,Arterial,OK,12.0,12.0,12.0,4.0,4.0,1.0,1.0,True,-0.7,5.5,2.1,3.3,3.4,,
1.2.840.113619.2.278.3.717616.228.1585527919.20,1.2.840.113619.2.278.3.717616.228.1585527919.119.4202498,Venous,OK,12.0,12.0,12.0,4.0,4.0,1.0,1.0,True,1.6,4.6,2.2,3.1,5.4,,
1.2.840.113619.2.278.3.717616.228.1585527923.702,1.2.840.113619.2.278.3.717616.228.1585527923.809.4198401,Arterial,BAD,11.0,11.0,11.0,4.0,4.0,1.0,1.0,True,17.8,1.0,2.1,2.6,15.5,,LARGE_CENTROID_DIST: liver=16.2mm | spleen=18.5mm | kidney_L=18.7mm | kidney_R=18.1mm | pancreas=16.0mm | IVC=26.2mm
1.2.840.113619.2.278.3.717616.228.1585527923.702,1.2.840.113619.2.278.3.717616.228.1585527923.809.4202498,Venous,BAD,11.0,11.0,11.0,4.0,4.0,1.0,1.0,True,37.8,0.8,1.6,1.8,34.5,,LARGE_CENTROID_DIST: liver=36.9mm | spleen=38.2mm | kidney_L=37.2mm | kidney_R=39.1mm | pancreas=36.3mm | IVC=48.1mm | L1=37.2mm | L2=37.0mm | L3=37.5mm | spinal_cord=24.7mm
1.2.840.113619.2.278.3.717616.228.1585527924.199,1.2.840.113619.2.278.3.717616.228.1585527924.293.4198401,Arterial,BAD,12.0,12.0,12.0,4.0,4.0,1.0,1.0,True,-17.5,3.6,3.1,6.1,18.4,,LARGE_CENTROID_DIST: liver=15.1mm | spleen=22.7mm | kidney_L=19.3mm | pancreas=19.4mm | gallbladder=15.1mm | IVC=21.7mm | L1=21.6mm | L2=21.8mm | L3=22.0mm
1.2.840.113619.2.278.3.717616.228.1585527924.199,1.2.840.113619.2.278.3.717616.228.1585527924.293.4202498,Venous,OK,12.0,12.0,12.0,4.0,4.0,1.0,1.0,True,7.6,1.0,2.9,4.6,4.7,,
1.2.840.113619.2.278.3.717616.239.1576237085.40,1.2.840.113619.2.278.3.717616.239.1576237085.135.4198401,Arterial,BAD,12.0,12.0,12.0,4.0,4.0,1.0,1.0,True,-29.4,0.4,2.4,2.5,25.1,,LARGE_CENTROID_DIST: liver=30.1mm | spleen=29.5mm | kidney_L=29.2mm | kidney_R=29.1mm | pancreas=29.6mm | gallbladder=29.5mm | IVC=16.7mm | L1=20.7mm | L2=27.9mm | L3=29.1mm | spinal_cord=21.2mm
1.2.840.113619.2.278.3.717616.239.1576237085.40,1.2.840.113619.2.278.3.717616.239.1576237085.135.4202498,Venous,OK,12.0,12.0,12.0,4.0,4.0,1.0,1.0,True,-9.4,1.4,3.3,4.1,7.9,,
1.2.840.113619.2.278.3.717616.239.1576237164.135,1.2.840.113619.2.278.3.717616.239.1576237164.263.4198401,Arterial,BAD,12.0,12.0,12.0,4.0,4.0,1.0,1.0,True,-8.8,0.3,9.4,10.2,12.4,,LARGE_CENTROID_DIST: pancreas=15.5mm
1.2.840.113619.2.278.3.717616.239.1576237164.135,1.2.840.113619.2.278.3.717616.239.1576237164.263.4202498,Venous,BAD,12.0,12.0,12.0,4.0,4.0,1.0,1.0,True,-9.6,1.8,10.2,11.2,14.6,,LARGE_CENTROID_DIST: kidney_L=15.5mm | kidney_R=15.1mm | pancreas=18.5mm | gallbladder=18.3mm
1.2.840.113619.2.278.3.717616.239.1576237169.526,1.2.840.113619.2.278.3.717616.239.1576237169.637.4198401,Arterial,BAD,12.0,12.0,12.0,4.0,4.0,1.0,1.0,True,3.8,1.3,1.6,2.5,6.3,,LARGE_CENTROID_DIST: aorta=23.8mm
1.2.840.113619.2.278.3.717616.239.1576237169.526,1.2.840.113619.2.278.3.717616.239.1576237169.637.4202498,Venous,BAD,12.0,12.0,12.0,4.0,4.0,1.0,1.0,True,-5.8,0.9,1.2,2.3,7.2,,LARGE_CENTROID_DIST: aorta=26.2mm
1.2.840.113619.2.278.3.717616.239.1576237177.531,1.2.840.113619.2.278.3.717616.239.1576237177.616.4198401,Arterial,BAD,12.0,12.0,12.0,4.0,4.0,1.0,1.0,True,-37.1,0.7,2.5,3.4,32.4,,LARGE_CENTROID_DIST: liver=36.4mm | spleen=36.7mm | kidney_L=38.4mm | kidney_R=37.4mm | pancreas=35.5mm | gallbladder=38.1mm | aorta=17.8mm | IVC=22.0mm | L1=35.8mm | L2=35.7mm | L3=35.7mm | spinal_cord=19.7mm
1.2.840.113619.2.278.3.717616.239.1576237177.531,1.2.840.113619.2.278.3.717616.239.1576237177.616.4202498,Venous,BAD,12.0,12.0,12.0,4.0,4.0,1.0,1.0,True,-37.1,0.8,2.2,3.0,32.0,,LARGE_CENTROID_DIST: liver=36.6mm | spleen=36.3mm | kidney_L=38.3mm | kidney_R=37.6mm | pancreas=36.4mm | gallbladder=37.0mm | aorta=18.0mm | IVC=16.2mm | L1=35.7mm | L2=35.6mm | L3=35.6mm | spinal_cord=20.9mm
1.2.840.113619.2.278.3.717616.239.1576237179.120,1.2.840.113619.2.278.3.717616.239.1576237179.227.4198401,Arterial,BAD,11.0,11.0,11.0,4.0,4.0,1.0,1.0,True,-23.5,1.6,2.3,4.2,22.8,,LARGE_CENTROID_DIST: liver=22.6mm | spleen=22.0mm | kidney_L=24.5mm | kidney_R=25.6mm | pancreas=26.9mm | IVC=18.9mm | L1=29.5mm | L2=29.0mm | L3=28.6mm | spinal_cord=16.8mm
1.2.840.113619.2.278.3.717616.239.1576237179.120,1.2.840.113619.2.278.3.717616.239.1576237179.227.4202498,Venous,BAD,11.0,11.0,11.0,4.0,4.0,1.0,1.0,True,-23.0,2.9,3.5,6.5,21.2,,LARGE_CENTROID_DIST: liver=22.1mm | spleen=24.2mm | kidney_L=27.2mm | kidney_R=19.7mm | pancreas=28.2mm | L1=26.5mm | L2=26.6mm | L3=26.9mm | spinal_cord=15.5mm
1.2.840.113619.2.278.3.717616.249.1585713639.107,1.2.840.113619.2.278.3.717616.249.1585713639.236.4198401,Arterial,OK,12.0,12.0,12.0,4.0,4.0,1.0,1.0,True,-7.5,1.0,1.8,4.6,7.1,,
1.2.840.113619.2.278.3.717616.249.1585713639.107,1.2.840.113619.2.278.3.717616.249.1585713639.236.4202498,Venous,OK,12.0,12.0,12.0,4.0,4.0,1.0,1.0,True,-7.8,1.5,1.7,3.3,7.1,,
1.2.840.113619.2.278.3.717616.249.1585713641.286,1.2.840.113619.2.278.3.717616.249.1585713641.391.4198401,Arterial,BAD,12.0,12.0,12.0,4.0,4.0,1.0,1.0,True,6.1,2.8,3.0,5.6,8.7,,LARGE_CENTROID_DIST: L3=15.3mm
1.2.840.113619.2.278.3.717616.249.1585713641.286,1.2.840.113619.2.278.3.717616.249.1585713641.391.4202498,Venous,OK,12.0,12.0,12.0,4.0,4.0,1.0,1.0,True,4.8,4.3,2.5,4.1,7.8,,
1.2.840.113619.2.278.3.717616.249.1585713643.237,1.2.840.113619.2.278.3.717616.249.1585713643.322.4198401,Arterial,BAD,12.0,12.0,12.0,4.0,4.0,1.0,1.0,True,1.8,1.2,1.4,2.2,3.4,,LARGE_CENTROID_DIST: gallbladder=16.5mm
1.2.840.113619.2.278.3.717616.249.1585713643.237,1.2.840.113619.2.278.3.717616.249.1585713643.322.4202498,Venous,BAD,12.0,12.0,12.0,4.0,4.0,1.0,1.0,True,1.6,0.4,1.3,1.8,4.2,,LARGE_CENTROID_DIST: gallbladder=28.0mm
1.2.840.113619.2.278.3.717616.249.1585713649.466,1.2.840.113619.2.278.3.717616.249.1585713649.559.4198401,Arterial,BAD,12.0,12.0,12.0,4.0,4.0,1.0,1.0,True,-5.0,3.7,2.3,4.0,8.8,,LARGE_CENTROID_DIST: pancreas=19.0mm | aorta=26.8mm
1.2.840.113619.2.278.3.717616.249.1585713649.466,1.2.840.113619.2.278.3.717616.249.1585713649.559.4202498,Venous,BAD,12.0,12.0,12.0,4.0,4.0,1.0,1.0,True,-4.8,4.0,2.1,4.1,9.3,,LARGE_CENTROID_DIST: pancreas=23.9mm | aorta=24.9mm | IVC=17.7mm
1.2.840.113619.2.278.3.717616.249.1585713650.578,1.2.840.113619.2.278.3.717616.249.1585713650.679.4198401,Arterial,BAD,12.0,12.0,12.0,4.0,4.0,1.0,1.0,True,0.4,3.6,7.8,10.6,14.5,,LARGE_CENTROID_DIST: L1=27.8mm | L2=27.7mm | L3=27.6mm | spinal_cord=17.9mm
1.2.840.113619.2.278.3.717616.249.1585713650.578,1.2.840.113619.2.278.3.717616.249.1585713650.679.4202498,Venous,file_missing,,,,,,,,,,,,,,../ncct_cect/vindr_ds/aligned_volumes/1.2.840.113619.2.278.3.717616.249.1585713650.578/1.2.840.113619.2.278.3.717616.249.1585713650.578_1.2.840.113619.2.278.3.717616.249.1585713650.679.4202498_aligned_seg_reg.nii.gz,
1.2.840.113619.2.278.3.717616.249.1585713650.578,1.2.840.113619.2.278.3.717616.249.1585713651.54.12,Venous,OK,12.0,12.0,12.0,4.0,4.0,1.0,1.0,True,-1.9,1.3,2.8,3.9,3.4,,
1.2.840.113619.2.278.3.717616.249.1585713656.349,1.2.840.113619.2.278.3.717616.249.1585713656.491.4198401,Arterial,BAD,12.0,12.0,12.0,4.0,4.0,1.0,1.0,True,-5.2,1.6,2.8,4.1,5.6,,LARGE_CENTROID_DIST: IVC=15.9mm
1.2.840.113619.2.278.3.717616.249.1585713656.349,1.2.840.113619.2.278.3.717616.249.1585713656.491.4202498,Venous,OK,12.0,12.0,12.0,4.0,4.0,1.0,1.0,True,1.0,1.5,2.7,4.6,2.8,,
1.2.840.113619.2.278.3.717616.249.1585713660.403,1.2.840.113619.2.278.3.717616.249.1585713660.494.4198401,Arterial,BAD,4.0,5.0,4.0,1.0,1.0,1.0,1.0,True,-0.5,0.0,2.7,2.7,1.6,,KABSCH_BONE_TOO_FEW
1.2.840.113619.2.278.3.717616.249.1585713660.403,1.2.840.113619.2.278.3.717616.249.1585713660.494.4202498,Venous,file_missing,,,,,,,,,,,,,,../ncct_cect/vindr_ds/aligned_volumes/1.2.840.113619.2.278.3.717616.249.1585713660.403/1.2.840.113619.2.278.3.717616.249.1585713660.403_1.2.840.113619.2.278.3.717616.249.1585713660.494.4202498_aligned_seg_reg.nii.gz,
1.2.840.113619.2.278.3.717616.249.1585713660.403,1.2.840.113619.2.278.3.717616.249.1585713660.663.12,Venous,BAD,4.0,12.0,4.0,1.0,1.0,1.0,1.0,True,-149.0,0.0,5.4,5.4,96.3,,KABSCH_BONE_TOO_FEW | BAD_Z_OFFSET=-149.0mm | LARGE_CENTROID_DIST: kidney_R=149.0mm | aorta=78.1mm | IVC=77.3mm | spinal_cord=80.7mm
1.2.840.113619.2.278.3.717616.249.1585713663.100,1.2.840.113619.2.278.3.717616.249.1585713663.204.4198401,Arterial,OK,11.0,12.0,11.0,4.0,4.0,1.0,1.0,True,-4.0,1.7,1.6,2.4,4.8,,
1.2.840.113619.2.278.3.717616.249.1585713663.100,1.2.840.113619.2.278.3.717616.249.1585713663.204.4202498,Venous,file_missing,,,,,,,,,,,,,,../ncct_cect/vindr_ds/aligned_volumes/1.2.840.113619.2.278.3.717616.249.1585713663.100/1.2.840.113619.2.278.3.717616.249.1585713663.100_1.2.840.113619.2.278.3.717616.249.1585713663.204.4202498_aligned_seg_reg.nii.gz,
1.2.840.113619.2.278.3.717616.249.1585713663.100,1.2.840.113619.2.278.3.717616.249.1585713663.403.12,Venous,OK,11.0,11.0,11.0,4.0,4.0,1.0,1.0,True,-4.2,2.6,1.3,2.1,3.7,,
1.2.840.113619.2.278.3.717616.249.1585713672.454,1.2.840.113619.2.278.3.717616.249.1585713672.558.4198401,Arterial,OK,12.0,11.0,11.0,4.0,4.0,1.0,1.0,True,-4.4,0.8,1.3,1.9,4.1,,
1.2.840.113619.2.278.3.717616.249.1585713672.454,1.2.840.113619.2.278.3.717616.249.1585713672.558.4202498,Venous,OK,12.0,11.0,11.0,4.0,4.0,1.0,1.0,True,-4.3,0.7,1.7,2.7,3.8,,
1.2.840.113619.2.278.3.717616.249.1585713672.454,1.2.840.113619.2.278.3.717616.249.1585713672.749.11,Arterial,file_missing,,,,,,,,,,,,,,../ncct_cect/vindr_ds/aligned_volumes/1.2.840.113619.2.278.3.717616.249.1585713672.454/1.2.840.113619.2.278.3.717616.249.1585713672.454_1.2.840.113619.2.278.3.717616.249.1585713672.749.11_aligned_seg_reg.nii.gz,
1.2.840.113619.2.278.3.717616.259.1592554882.977,1.2.840.113619.2.278.3.717616.259.1592554883.230.11,Arterial,file_missing,,,,,,,,,,,,,,../ncct_cect/vindr_ds/aligned_volumes/1.2.840.113619.2.278.3.717616.259.1592554882.977/1.2.840.113619.2.278.3.717616.259.1592554882.977_1.2.840.113619.2.278.3.717616.259.1592554883.230.11_aligned_seg_reg.nii.gz,
1.2.840.113619.2.278.3.717616.259.1592554882.977,1.2.840.113619.2.278.3.717616.259.1592554883.67.4198401,Arterial,OK,12.0,12.0,12.0,4.0,4.0,1.0,1.0,True,-7.9,1.4,1.3,2.3,5.9,,
1.2.840.113619.2.278.3.717616.259.1592554882.977,1.2.840.113619.2.278.3.717616.259.1592554883.67.4202498,Venous,OK,12.0,12.0,12.0,4.0,4.0,1.0,1.0,True,-8.1,2.2,0.9,2.1,7.5,,
1.2.840.113619.2.278.3.717616.259.1592554893.267,1.2.840.113619.2.278.3.717616.259.1592554893.374.4198401,Arterial,BAD,12.0,12.0,12.0,4.0,4.0,1.0,1.0,True,-11.0,3.2,6.3,6.8,9.0,,LARGE_CENTROID_DIST: liver=15.5mm | kidney_R=15.7mm | gallbladder=16.1mm | IVC=16.2mm
1.2.840.113619.2.278.3.717616.259.1592554893.267,1.2.840.113619.2.278.3.717616.259.1592554893.374.4202498,Venous,OK,12.0,12.0,12.0,4.0,4.0,1.0,1.0,True,-5.5,2.5,7.3,9.0,6.5,,
1.2.840.113619.2.278.3.717616.259.1592554897.97,1.2.840.113619.2.278.3.717616.259.1592554897.196.4198401,Arterial,BAD,12.0,12.0,12.0,4.0,4.0,1.0,1.0,True,12.8,1.3,1.7,1.9,11.9,,LARGE_CENTROID_DIST: gallbladder=15.7mm
1.2.840.113619.2.278.3.717616.259.1592554897.97,1.2.840.113619.2.278.3.717616.259.1592554897.196.4202498,Venous,BAD,12.0,12.0,12.0,4.0,4.0,1.0,1.0,True,13.6,1.4,1.8,2.0,13.2,,LARGE_CENTROID_DIST: liver=15.6mm | gallbladder=19.3mm
1.2.840.113619.2.278.3.717616.259.1592554905.422,1.2.840.113619.2.278.3.717616.259.1592554905.521.4198401,Arterial,OK,12.0,12.0,12.0,4.0,4.0,1.0,1.0,True,10.3,3.1,3.9,8.4,7.7,,
1.2.840.113619.2.278.3.717616.259.1592554905.422,1.2.840.113619.2.278.3.717616.259.1592554905.521.4202498,Venous,BAD,12.0,12.0,12.0,4.0,4.0,1.0,1.0,True,10.1,2.8,4.6,7.0,8.4,,LARGE_CENTROID_DIST: liver=15.5mm | gallbladder=22.9mm
1.2.840.113619.2.278.3.717616.259.1592554905.716,1.2.840.113619.2.278.3.717616.259.1592554905.835.4198401,Arterial,BAD,12.0,12.0,12.0,4.0,4.0,1.0,1.0,True,28.9,0.7,3.0,5.3,28.0,,LARGE_CENTROID_DIST: liver=28.7mm | spleen=28.5mm | kidney_L=30.0mm | kidney_R=29.2mm | pancreas=29.8mm | gallbladder=27.4mm | IVC=24.7mm | L1=36.4mm | L2=36.4mm | L3=36.6mm | spinal_cord=20.9mm
1.2.840.113619.2.278.3.717616.259.1592554905.716,1.2.840.113619.2.278.3.717616.259.1592554905.835.4202498,Venous,BAD,12.0,12.0,12.0,4.0,4.0,1.0,1.0,True,28.7,1.3,4.1,6.6,27.8,,LARGE_CENTROID_DIST: liver=30.2mm | spleen=27.2mm | kidney_L=29.4mm | kidney_R=29.4mm | pancreas=29.3mm | gallbladder=30.0mm | IVC=33.1mm | L1=33.7mm | L2=33.7mm | L3=33.8mm | spinal_cord=19.1mm
1.2.840.113619.2.278.3.717616.259.1592554911.88,1.2.840.113619.2.278.3.717616.259.1592554911.194.4198401,Arterial,file_missing,,,,,,,,,,,,,,../ncct_cect/vindr_ds/aligned_volumes/1.2.840.113619.2.278.3.717616.259.1592554911.88/1.2.840.113619.2.278.3.717616.259.1592554911.88_1.2.840.113619.2.278.3.717616.259.1592554911.194.4198401_aligned_seg_reg.nii.gz,
1.2.840.113619.2.278.3.717616.259.1592554911.88,1.2.840.113619.2.278.3.717616.259.1592554911.194.4202498,Venous,OK,9.0,9.0,9.0,4.0,2.0,1.0,1.0,True,-7.8,0.6,4.3,5.8,7.9,,
1.2.840.113619.2.278.3.717616.259.1592554911.88,1.2.840.113619.2.278.3.717616.259.1592554911.387.11,Arterial,BAD,9.0,12.0,9.0,4.0,2.0,1.0,1.0,True,-183.3,8.5,6.8,10.1,150.5,,BAD_Z_OFFSET=-183.3mm | LARGE_CENTROID_DIST: kidney_L=191.8mm | kidney_R=175.1mm | pancreas=165.9mm | aorta=67.1mm | IVC=107.8mm | L1=179.7mm | L2=199.8mm | L3=204.0mm | spinal_cord=63.4mm
1.2.840.113619.2.278.3.717616.259.1592554916.256,1.2.840.113619.2.278.3.717616.259.1592554916.367.4198401,Arterial,BAD,12.0,12.0,12.0,4.0,4.0,1.0,1.0,True,-27.3,0.5,3.3,3.9,24.8,,LARGE_CENTROID_DIST: liver=27.8mm | spleen=28.2mm | kidney_L=27.3mm | kidney_R=26.9mm | pancreas=28.9mm | gallbladder=31.5mm | IVC=30.2mm | L1=23.8mm | L2=23.9mm | L3=23.8mm | spinal_cord=15.3mm
1.2.840.113619.2.278.3.717616.259.1592554916.256,1.2.840.113619.2.278.3.717616.259.1592554916.367.4202498,Venous,BAD,12.0,12.0,12.0,4.0,4.0,1.0,1.0,True,-21.7,1.2,1.9,3.4,20.1,,LARGE_CENTROID_DIST: liver=22.0mm | spleen=23.4mm | kidney_L=20.0mm | kidney_R=21.6mm | pancreas=23.2mm | gallbladder=25.7mm | IVC=21.7mm | L1=19.9mm | L2=20.0mm | L3=20.2mm
1.2.840.113619.2.278.3.717616.259.1592554917.92,1.2.840.113619.2.278.3.717616.259.1592554917.186.4198401,Arterial,BAD,12.0,12.0,12.0,4.0,4.0,1.0,1.0,True,-14.7,5.5,13.2,20.6,26.4,,LARGE_CENTROID_DIST: liver=19.0mm | spleen=25.3mm | kidney_L=19.3mm | kidney_R=21.5mm | pancreas=18.2mm | gallbladder=22.8mm | aorta=19.3mm | IVC=17.8mm | L1=41.5mm | L2=41.2mm | L3=41.3mm | spinal_cord=29.7mm
1.2.840.113619.2.278.3.717616.259.1592554917.92,1.2.840.113619.2.278.3.717616.259.1592554917.186.4202498,Venous,OK,12.0,12.0,12.0,4.0,4.0,1.0,1.0,True,-7.1,1.4,1.1,2.3,6.3,,
1.2.840.113619.2.278.3.717616.259.1592554922.726,1.2.840.113619.2.278.3.717616.259.1592554922.850.4198401,Arterial,BAD,12.0,12.0,12.0,4.0,4.0,1.0,1.0,True,10.0,1.7,5.9,8.0,11.8,,LARGE_CENTROID_DIST: L1=15.4mm | L2=15.5mm | L3=15.5mm
1.2.840.113619.2.278.3.717616.259.1592554922.726,1.2.840.113619.2.278.3.717616.259.1592554922.850.4202498,Venous,OK,12.0,12.0,12.0,4.0,4.0,1.0,1.0,True,9.8,2.2,7.7,11.0,11.7,,
1.2.840.113619.2.278.3.717616.259.1592554936.606,1.2.840.113619.2.278.3.717616.259.1592554936.693.4198401,Arterial,OK,12.0,12.0,12.0,4.0,4.0,1.0,1.0,True,2.1,0.9,1.6,2.6,3.0,,
1.2.840.113619.2.278.3.717616.259.1592554936.606,1.2.840.113619.2.278.3.717616.259.1592554936.693.4202498,Venous,BAD,12.0,12.0,12.0,4.0,4.0,1.0,1.0,True,16.6,1.5,1.8,2.9,14.6,,LARGE_CENTROID_DIST: liver=18.5mm | spleen=17.8mm | kidney_R=16.1mm | pancreas=15.3mm | gallbladder=21.7mm | L1=15.6mm
1.2.840.113619.2.278.3.717616.259.1592554937.154,1.2.840.113619.2.278.3.717616.259.1592554937.265.4198401,Arterial,BAD,11.0,11.0,11.0,4.0,4.0,1.0,1.0,True,-56.5,12.4,19.8,36.4,66.0,,LARGE_CENTROID_DIST: liver=51.2mm | spleen=61.7mm | kidney_L=71.0mm | kidney_R=62.1mm | pancreas=78.4mm | aorta=38.2mm | IVC=50.3mm | L1=88.0mm | L2=88.2mm | L3=88.3mm | spinal_cord=48.9mm
1.2.840.113619.2.278.3.717616.259.1592554937.154,1.2.840.113619.2.278.3.717616.259.1592554937.265.4202498,Venous,BAD,11.0,11.0,11.0,4.0,4.0,1.0,1.0,True,7.1,4.6,13.4,18.7,9.4,,LARGE_CENTROID_DIST: liver=19.2mm | kidney_R=20.3mm
1.2.840.113619.2.278.3.717616.259.1592554937.658,1.2.840.113619.2.278.3.717616.259.1592554937.792.4198401,Arterial,BAD,12.0,12.0,12.0,4.0,4.0,1.0,1.0,True,-30.8,3.6,2.6,5.9,26.4,,LARGE_CENTROID_DIST: liver=27.3mm | spleen=37.0mm | kidney_L=30.8mm | kidney_R=28.7mm | pancreas=30.8mm | gallbladder=26.2mm | IVC=19.7mm | L1=28.6mm | L2=29.0mm | L3=29.1mm | spinal_cord=17.2mm
1.2.840.113619.2.278.3.717616.259.1592554937.658,1.2.840.113619.2.278.3.717616.259.1592554937.792.4202498,Venous,OK,12.0,12.0,12.0,4.0,4.0,1.0,1.0,True,0.2,2.0,1.8,3.9,3.2,,
1.2.840.113619.2.278.3.717616.259.1592554945.3,1.2.840.113619.2.278.3.717616.259.1592554945.96.4198401,Arterial,BAD,12.0,12.0,12.0,4.0,4.0,1.0,1.0,True,23.6,0.5,2.5,4.7,19.4,,LARGE_CENTROID_DIST: liver=23.5mm | spleen=24.3mm | kidney_L=23.3mm | kidney_R=23.9mm | pancreas=23.4mm | gallbladder=25.3mm | L1=20.4mm | L2=20.5mm | L3=20.4mm
1.2.840.113619.2.278.3.717616.259.1592554945.3,1.2.840.113619.2.278.3.717616.259.1592554945.96.4202498,Venous,BAD,12.0,12.0,12.0,4.0,4.0,1.0,1.0,True,27.1,2.0,1.2,2.0,25.1,,LARGE_CENTROID_DIST: liver=29.2mm | spleen=29.1mm | kidney_L=25.6mm | kidney_R=24.7mm | pancreas=28.8mm | gallbladder=29.1mm | aorta=16.5mm | L1=32.4mm | L2=32.3mm | L3=32.2mm | spinal_cord=19.8mm
1.2.840.113619.2.278.3.717616.260.1578649323.62,1.2.840.113619.2.278.3.717616.260.1578649323.161.5246977,Arterial,BAD,12.0,12.0,12.0,4.0,4.0,1.0,1.0,True,-33.1,1.5,6.4,10.8,32.0,,LARGE_CENTROID_DIST: liver=33.0mm | spleen=33.0mm | kidney_L=33.8mm | kidney_R=35.6mm | pancreas=33.5mm | gallbladder=25.7mm | aorta=20.6mm | L1=42.5mm | L2=42.5mm | L3=42.7mm | spinal_cord=26.7mm
1.2.840.113619.2.278.3.717616.260.1578649323.62,1.2.840.113619.2.278.3.717616.260.1578649323.161.5251074,Venous,BAD,12.0,12.0,12.0,4.0,4.0,1.0,1.0,True,29.6,4.6,2.8,4.7,28.4,,LARGE_CENTROID_DIST: liver=23.1mm | spleen=34.6mm | kidney_L=32.8mm | kidney_R=28.8mm | pancreas=31.6mm | gallbladder=31.9mm | IVC=24.4mm | L1=32.8mm | L2=32.8mm | L3=32.6mm | spinal_cord=21.0mm
1.2.840.113619.2.278.3.717616.260.1578649330.227,1.2.840.113619.2.278.3.717616.260.1578649330.357.4198401,Arterial,BAD,12.0,12.0,12.0,4.0,4.0,1.0,1.0,True,25.7,0.6,5.3,6.2,19.1,,LARGE_CENTROID_DIST: liver=25.8mm | spleen=26.1mm | kidney_L=26.3mm | kidney_R=27.0mm | pancreas=23.8mm | gallbladder=26.6mm | L1=18.0mm | L2=18.0mm | L3=18.1mm
1.2.840.113619.2.278.3.717616.260.1578649330.227,1.2.840.113619.2.278.3.717616.260.1578649330.357.4202498,Venous,BAD,12.0,12.0,12.0,4.0,4.0,1.0,1.0,True,20.3,0.9,1.7,2.9,17.4,,LARGE_CENTROID_DIST: liver=21.4mm | spleen=20.6mm | kidney_L=18.9mm | kidney_R=20.7mm | pancreas=20.1mm | gallbladder=21.0mm | L1=21.5mm | L2=21.6mm | L3=21.7mm
1.2.840.113619.2.278.3.717616.260.1578649343.978,1.2.840.113619.2.278.3.717616.260.1578649344.70.4198401,Arterial,OK,12.0,12.0,12.0,4.0,4.0,1.0,1.0,True,1.2,0.7,1.2,1.4,2.5,,
1.2.840.113619.2.278.3.717616.260.1578649343.978,1.2.840.113619.2.278.3.717616.260.1578649344.70.4202498,Venous,OK,12.0,12.0,12.0,4.0,4.0,1.0,1.0,True,1.2,0.6,0.8,1.2,2.4,,
1.2.840.113619.2.278.3.717616.260.1578649359.241,1.2.840.113619.2.278.3.717616.260.1578649359.370.4198401,Arterial,BAD,12.0,12.0,12.0,4.0,4.0,1.0,1.0,True,13.7,2.3,2.3,2.6,13.0,,LARGE_CENTROID_DIST: liver=15.3mm | kidney_L=16.8mm | gallbladder=17.4mm
1.2.840.113619.2.278.3.717616.260.1578649359.241,1.2.840.113619.2.278.3.717616.260.1578649359.370.4202498,Venous,BAD,12.0,12.0,12.0,4.0,4.0,1.0,1.0,True,14.5,2.1,1.9,3.6,14.7,,LARGE_CENTROID_DIST: liver=15.9mm | spleen=17.6mm | gallbladder=20.0mm | IVC=25.1mm
1.2.840.113619.2.278.3.717616.260.1578649367.247,1.2.840.113619.2.278.3.717616.260.1578649367.337.4198401,Arterial,BAD,12.0,12.0,12.0,4.0,4.0,1.0,1.0,True,10.9,2.0,3.4,7.0,8.8,,LARGE_CENTROID_DIST: IVC=15.3mm
1.2.840.113619.2.278.3.717616.260.1578649367.247,1.2.840.113619.2.278.3.717616.260.1578649367.337.4202498,Venous,OK,12.0,12.0,12.0,4.0,4.0,1.0,1.0,True,10.2,0.8,1.8,4.5,8.5,,
1.2.840.113619.2.278.3.717616.260.1578649371.734,1.2.840.113619.2.278.3.717616.260.1578649371.831.4198401,Arterial,BAD,12.0,12.0,12.0,4.0,4.0,1.0,1.0,True,-3.3,0.9,1.4,1.8,5.4,,LARGE_CENTROID_DIST: gallbladder=19.9mm
1.2.840.113619.2.278.3.717616.260.1578649371.734,1.2.840.113619.2.278.3.717616.260.1578649371.831.4202498,Venous,OK,12.0,12.0,12.0,4.0,4.0,1.0,1.0,True,-3.0,0.5,1.7,2.4,3.7,,
1.2.840.113619.2.278.3.717616.260.1578649372.302,1.2.840.113619.2.278.3.717616.260.1578649372.435.4198401,Arterial,OK,12.0,12.0,12.0,4.0,4.0,1.0,1.0,True,7.6,1.2,1.1,2.2,7.0,,
1.2.840.113619.2.278.3.717616.260.1578649372.302,1.2.840.113619.2.278.3.717616.260.1578649372.435.4202498,Venous,OK,12.0,12.0,12.0,4.0,4.0,1.0,1.0,True,8.4,1.4,2.0,2.7,7.5,,
1.2.840.113619.2.278.3.717616.260.1578649380.289,1.2.840.113619.2.278.3.717616.260.1578649380.417.4198401,Arterial,BAD,12.0,12.0,12.0,4.0,4.0,1.0,1.0,True,9.9,1.2,2.0,3.1,11.1,,LARGE_CENTROID_DIST: gallbladder=36.7mm
1.2.840.113619.2.278.3.717616.260.1578649380.289,1.2.840.113619.2.278.3.717616.260.1578649380.417.4202498,Venous,OK,12.0,12.0,12.0,4.0,4.0,1.0,1.0,True,10.0,0.8,0.9,1.0,9.4,,
1.2.840.113619.2.278.3.717616.260.1578649381.693,1.2.840.113619.2.278.3.717616.260.1578649381.790.4198401,Arterial,OK,12.0,12.0,12.0,4.0,4.0,1.0,1.0,True,9.0,0.6,1.2,1.6,7.4,,
1.2.840.113619.2.278.3.717616.260.1578649381.693,1.2.840.113619.2.278.3.717616.260.1578649381.790.4202498,Venous,OK,12.0,12.0,12.0,4.0,4.0,1.0,1.0,True,4.6,0.9,1.7,2.5,4.0,,
1.2.840.113619.2.278.3.717616.260.1578649386.487,1.2.840.113619.2.278.3.717616.260.1578649386.582.4198401,Arterial,file_missing,,,,,,,,,,,,,,../ncct_cect/vindr_ds/aligned_volumes/1.2.840.113619.2.278.3.717616.260.1578649386.487/1.2.840.113619.2.278.3.717616.260.1578649386.487_1.2.840.113619.2.278.3.717616.260.1578649386.582.4198401_aligned_seg_reg.nii.gz,
1.2.840.113619.2.278.3.717616.260.1578649386.487,1.2.840.113619.2.278.3.717616.260.1578649386.582.4202498,Venous,BAD,12.0,12.0,12.0,4.0,4.0,1.0,1.0,True,-2.8,1.5,3.0,4.1,5.1,,LARGE_CENTROID_DIST: IVC=28.1mm
1.2.840.113619.2.278.3.717616.260.1578649386.487,1.2.840.113619.2.278.3.717616.260.1578649386.755.11,Arterial,BAD,12.0,12.0,12.0,4.0,4.0,1.0,1.0,True,-2.3,2.4,3.5,4.4,7.6,,LARGE_CENTROID_DIST: IVC=30.8mm
1.2.840.113619.2.278.3.717616.260.1578649416.931,1.2.840.113619.2.278.3.717616.260.1578649417.37.4198401,Arterial,OK,11.0,12.0,11.0,4.0,4.0,1.0,1.0,True,-0.7,1.3,1.9,3.0,4.7,,
1.2.840.113619.2.278.3.717616.260.1578649416.931,1.2.840.113619.2.278.3.717616.260.1578649417.37.4202498,Venous,BAD,11.0,12.0,11.0,4.0,4.0,1.0,1.0,True,23.8,6.0,3.1,4.6,15.7,,LARGE_CENTROID_DIST: liver=33.5mm | spleen=23.0mm | kidney_L=17.0mm | kidney_R=22.6mm | pancreas=23.8mm
1.2.840.113619.2.278.3.717616.260.1578649417.892,1.2.840.113619.2.278.3.717616.260.1578649417.998.4198401,Arterial,OK,11.0,12.0,11.0,4.0,4.0,1.0,1.0,True,-7.0,2.7,1.1,1.9,8.8,,
1.2.840.113619.2.278.3.717616.260.1578649417.892,1.2.840.113619.2.278.3.717616.260.1578649417.998.4202498,Venous,BAD,11.0,12.0,11.0,4.0,4.0,1.0,1.0,True,24.6,4.2,1.0,1.6,19.6,,LARGE_CENTROID_DIST: liver=21.6mm | spleen=31.4mm | kidney_L=24.7mm | kidney_R=20.8mm | pancreas=23.1mm | IVC=19.8mm | L1=21.4mm | L2=19.7mm | L3=18.5mm
1.2.840.113619.2.278.3.717616.260.1578649418.868,1.2.840.113619.2.278.3.717616.260.1578649418.976.4202498,Venous,BAD,11.0,10.0,10.0,4.0,4.0,1.0,1.0,True,1.0,0.8,1.6,2.4,5.7,,LARGE_CENTROID_DIST: IVC=25.4mm
1.2.840.113619.2.278.3.717616.260.1578649418.868,1.2.840.113619.2.278.3.717616.260.1578649419.700.11,Arterial,BAD,11.0,11.0,11.0,4.0,4.0,1.0,1.0,True,-159.3,33.0,16.5,46.6,151.7,,BAD_Z_OFFSET=-159.3mm | LARGE_CENTROID_DIST: liver=120.8mm | spleen=151.5mm | kidney_L=202.1mm | kidney_R=172.6mm | pancreas=171.1mm | aorta=51.9mm | IVC=137.3mm | L1=183.8mm | L2=192.8mm | L3=195.1mm | spinal_cord=89.7mm
1.2.840.113619.2.278.3.717616.286.1587944966.46,1.2.840.113619.2.278.3.717616.286.1587944966.152.4198401,Arterial,OK,12.0,12.0,12.0,4.0,4.0,1.0,1.0,True,-3.0,2.1,2.2,2.9,3.1,,
1.2.840.113619.2.278.3.717616.286.1587944966.46,1.2.840.113619.2.278.3.717616.286.1587944966.152.4202498,Venous,BAD,12.0,12.0,12.0,4.0,4.0,1.0,1.0,True,15.8,2.3,3.8,5.9,15.0,,LARGE_CENTROID_DIST: liver=19.2mm | spleen=18.4mm | kidney_R=15.1mm | pancreas=16.4mm | gallbladder=22.9mm | L1=15.4mm | L2=15.3mm | L3=15.2mm
1.2.840.113619.2.278.3.717616.286.1587944966.506,1.2.840.113619.2.278.3.717616.286.1587944966.605.4198401,Arterial,BAD,12.0,12.0,12.0,4.0,4.0,1.0,1.0,True,-9.1,0.7,1.3,1.7,9.3,,LARGE_CENTROID_DIST: IVC=22.5mm
1.2.840.113619.2.278.3.717616.286.1587944966.506,1.2.840.113619.2.278.3.717616.286.1587944966.605.4202498,Venous,BAD,12.0,12.0,12.0,4.0,4.0,1.0,1.0,True,11.3,5.4,5.5,8.7,10.8,,LARGE_CENTROID_DIST: liver=19.6mm | spleen=16.6mm | IVC=23.0mm | L3=17.7mm
1.2.840.113619.2.278.3.717616.286.1587944967.557,1.2.840.113619.2.278.3.717616.286.1587944967.658.4198401,Arterial,BAD,11.0,11.0,11.0,4.0,4.0,1.0,1.0,True,-13.6,4.2,5.0,9.2,15.5,,LARGE_CENTROID_DIST: liver=16.3mm | kidney_R=19.1mm | L1=22.6mm | L2=22.8mm | L3=22.4mm
1.2.840.113619.2.278.3.717616.286.1587944967.557,1.2.840.113619.2.278.3.717616.286.1587944967.658.4202498,Venous,BAD,11.0,11.0,11.0,4.0,4.0,1.0,1.0,True,-13.3,2.3,3.1,5.7,13.6,,LARGE_CENTROID_DIST: kidney_R=16.5mm | L1=17.9mm | L2=17.9mm | L3=18.0mm
1.2.840.113619.2.278.3.717616.286.1587944968.878,1.2.840.113619.2.278.3.717616.286.1587944968.981.4198401,Arterial,BAD,12.0,12.0,12.0,4.0,4.0,1.0,1.0,True,14.7,1.6,2.6,4.7,11.1,,LARGE_CENTROID_DIST: liver=15.9mm | spleen=16.7mm | gallbladder=17.0mm
1.2.840.113619.2.278.3.717616.286.1587944968.878,1.2.840.113619.2.278.3.717616.286.1587944968.981.4202498,Venous,BAD,12.0,12.0,12.0,4.0,4.0,1.0,1.0,True,14.6,1.7,3.5,5.5,10.2,,LARGE_CENTROID_DIST: spleen=18.1mm | kidney_R=15.6mm | gallbladder=15.7mm
1.2.840.113619.2.278.3.717616.286.1587944973.161,1.2.840.113619.2.278.3.717616.286.1587944973.290.4198401,Arterial,OK,12.0,12.0,12.0,4.0,4.0,1.0,1.0,True,7.0,1.1,2.7,4.3,5.5,,
1.2.840.113619.2.278.3.717616.286.1587944973.161,1.2.840.113619.2.278.3.717616.286.1587944973.290.4202498,Venous,OK,12.0,12.0,12.0,4.0,4.0,1.0,1.0,True,7.8,2.1,4.7,7.8,6.0,,
1.2.840.113619.2.278.3.717616.286.1587944975.372,1.2.840.113619.2.278.3.717616.286.1587944975.500.4198401,Arterial,OK,12.0,12.0,12.0,4.0,4.0,1.0,1.0,True,-2.3,4.4,2.7,3.7,5.5,,
1.2.840.113619.2.278.3.717616.286.1587944975.372,1.2.840.113619.2.278.3.717616.286.1587944975.500.4202498,Venous,BAD,12.0,12.0,12.0,4.0,4.0,1.0,1.0,True,-9.4,2.7,1.3,2.8,9.8,,LARGE_CENTROID_DIST: gallbladder=15.6mm
1.2.840.113619.2.278.3.717616.286.1587944978.330,1.2.840.113619.2.278.3.717616.286.1587944978.417.4198401,Arterial,BAD,12.0,12.0,12.0,4.0,4.0,1.0,1.0,True,-20.6,4.7,6.1,9.9,25.1,,LARGE_CENTROID_DIST: liver=23.9mm | spleen=26.9mm | kidney_L=18.3mm | kidney_R=18.7mm | pancreas=28.8mm | gallbladder=31.3mm | aorta=15.2mm | L1=36.5mm | L2=36.5mm | L3=36.5mm | spinal_cord=21.7mm
1.2.840.113619.2.278.3.717616.286.1587944978.330,1.2.840.113619.2.278.3.717616.286.1587944978.417.4202498,Venous,BAD,12.0,12.0,12.0,4.0,4.0,1.0,1.0,True,-14.6,3.2,4.0,6.0,15.4,,LARGE_CENTROID_DIST: spleen=19.8mm | kidney_R=15.2mm | pancreas=20.0mm | gallbladder=21.8mm | IVC=15.6mm | L1=16.6mm | L2=16.6mm | L3=16.6mm
1.2.840.113619.2.278.3.717616.286.1587944978.330,1.2.840.113619.2.278.3.717616.286.1587944978.569.11,Arterial,file_missing,,,,,,,,,,,,,,../ncct_cect/vindr_ds/aligned_volumes/1.2.840.113619.2.278.3.717616.286.1587944978.330/1.2.840.113619.2.278.3.717616.286.1587944978.330_1.2.840.113619.2.278.3.717616.286.1587944978.569.11_aligned_seg_reg.nii.gz,
1.2.840.113619.2.278.3.717616.286.1587944978.649,1.2.840.113619.2.278.3.717616.286.1587944978.742.4198401,Arterial,BAD,12.0,12.0,12.0,4.0,4.0,1.0,1.0,True,26.3,0.6,1.6,3.7,24.7,,LARGE_CENTROID_DIST: liver=27.1mm | spleen=25.8mm | kidney_L=26.0mm | kidney_R=26.7mm | pancreas=28.8mm | gallbladder=26.0mm | L1=30.0mm | L2=29.9mm | L3=29.8mm | spinal_cord=19.3mm
1.2.840.113619.2.278.3.717616.286.1587944978.649,1.2.840.113619.2.278.3.717616.286.1587944978.742.4202498,Venous,BAD,12.0,12.0,12.0,4.0,4.0,1.0,1.0,True,40.9,0.6,1.2,2.4,36.9,,LARGE_CENTROID_DIST: liver=40.2mm | spleen=41.0mm | kidney_L=41.8mm | kidney_R=40.6mm | pancreas=42.5mm | gallbladder=41.4mm | aorta=18.1mm | IVC=17.2mm | L1=44.3mm | L2=44.4mm | L3=44.3mm | spinal_cord=26.9mm
1.2.840.113619.2.278.3.717616.286.1587944978.934,1.2.840.113619.2.278.3.717616.286.1587944979.30.4198401,Arterial,OK,12.0,12.0,12.0,4.0,4.0,1.0,1.0,True,-2.6,0.8,2.6,4.2,4.0,,
1.2.840.113619.2.278.3.717616.286.1587944978.934,1.2.840.113619.2.278.3.717616.286.1587944979.30.4202498,Venous,OK,12.0,12.0,12.0,4.0,4.0,1.0,1.0,True,-2.2,1.2,3.1,3.6,4.9,,
1.2.840.113619.2.278.3.717616.286.1587944983.828,1.2.840.113619.2.278.3.717616.286.1587944983.915.4198401,Arterial,BAD,12.0,12.0,12.0,4.0,4.0,1.0,1.0,True,-15.7,0.7,1.1,2.0,13.0,,LARGE_CENTROID_DIST: spleen=15.6mm | kidney_L=15.6mm | kidney_R=16.8mm | pancreas=17.3mm | IVC=15.1mm | L3=15.1mm
1.2.840.113619.2.278.3.717616.286.1587944983.828,1.2.840.113619.2.278.3.717616.286.1587944983.915.4202498,Venous,BAD,12.0,12.0,12.0,4.0,4.0,1.0,1.0,True,-15.3,1.1,1.8,3.0,13.1,,LARGE_CENTROID_DIST: kidney_L=15.4mm | kidney_R=17.1mm | pancreas=16.3mm | IVC=21.9mm | L3=15.1mm
1.2.840.113619.2.278.3.717616.286.1587944984.611,1.2.840.113619.2.278.3.717616.286.1587944984.696.4198401,Arterial,BAD,12.0,12.0,12.0,4.0,4.0,1.0,1.0,True,-21.3,0.5,2.0,2.4,21.6,,LARGE_CENTROID_DIST: liver=22.1mm | spleen=21.4mm | kidney_L=21.2mm | kidney_R=20.8mm | pancreas=23.3mm | gallbladder=23.4mm | aorta=24.3mm | IVC=22.3mm | L1=22.6mm | L2=22.4mm | L3=22.3mm
1.2.840.113619.2.278.3.717616.286.1587944984.611,1.2.840.113619.2.278.3.717616.286.1587944984.696.4202498,Venous,BAD,12.0,12.0,12.0,4.0,4.0,1.0,1.0,True,-11.0,2.3,1.8,2.6,11.6,,LARGE_CENTROID_DIST: aorta=16.1mm | IVC=22.2mm
1.2.840.113619.2.278.3.717616.286.1593493247.138,1.2.840.113619.2.278.3.717616.286.1593493247.251.4198401,Arterial,file_missing,,,,,,,,,,,,,,../ncct_cect/vindr_ds/aligned_volumes/1.2.840.113619.2.278.3.717616.286.1593493247.138/1.2.840.113619.2.278.3.717616.286.1593493247.138_1.2.840.113619.2.278.3.717616.286.1593493247.251.4198401_aligned_seg_reg.nii.gz,
1.2.840.113619.2.278.3.717616.286.1593493247.138,1.2.840.113619.2.278.3.717616.286.1593493247.251.4202498,Venous,BAD,8.0,10.0,8.0,4.0,2.0,1.0,1.0,True,-4.0,0.4,2.3,2.7,8.2,,LARGE_CENTROID_DIST: L3=15.1mm
1.2.840.113619.2.278.3.717616.286.1593493247.138,1.2.840.113619.2.278.3.717616.286.1593493247.458.11,Arterial,BAD,8.0,11.0,8.0,4.0,2.0,1.0,1.0,True,-190.3,3.3,6.3,7.1,159.6,,BAD_Z_OFFSET=-190.3mm | LARGE_CENTROID_DIST: kidney_L=193.7mm | kidney_R=187.1mm | aorta=61.2mm | IVC=123.4mm | L1=205.5mm | L2=214.2mm | L3=213.4mm | spinal_cord=78.3mm
1.2.840.113619.2.278.3.717616.286.1593493249.833,1.2.840.113619.2.278.3.717616.286.1593493249.959.4198401,Arterial,OK,12.0,12.0,12.0,4.0,4.0,1.0,1.0,True,5.5,1.2,1.5,2.1,6.4,,
1.2.840.113619.2.278.3.717616.286.1593493249.833,1.2.840.113619.2.278.3.717616.286.1593493249.959.4202498,Venous,OK,12.0,12.0,12.0,4.0,4.0,1.0,1.0,True,6.3,1.4,1.4,2.1,6.4,,
1.2.840.113619.2.278.3.717616.286.1593493262.858,1.2.840.113619.2.278.3.717616.286.1593493262.956.4198401,Arterial,OK,11.0,11.0,11.0,4.0,4.0,1.0,1.0,True,-1.0,1.5,4.7,5.2,5.7,,
1.2.840.113619.2.278.3.717616.286.1593493262.858,1.2.840.113619.2.278.3.717616.286.1593493262.956.4202498,Venous,OK,11.0,11.0,11.0,4.0,4.0,1.0,1.0,True,-1.5,1.6,7.0,8.4,8.5,,
1.2.840.113619.2.278.3.717616.286.1593493267.487,1.2.840.113619.2.278.3.717616.286.1593493267.603.4198401,Arterial,OK,12.0,12.0,12.0,4.0,4.0,1.0,1.0,True,-1.5,1.9,2.2,4.2,4.2,,
1.2.840.113619.2.278.3.717616.286.1593493267.487,1.2.840.113619.2.278.3.717616.286.1593493267.603.4202498,Venous,OK,12.0,12.0,12.0,4.0,4.0,1.0,1.0,True,2.8,1.2,0.8,0.9,2.8,,
1.2.840.113619.2.278.3.717616.286.1593493269.25,1.2.840.113619.2.278.3.717616.286.1593493269.109.4198401,Arterial,BAD,12.0,12.0,12.0,4.0,4.0,1.0,1.0,True,-7.1,0.7,3.0,4.1,8.8,,LARGE_CENTROID_DIST: IVC=20.7mm
1.2.840.113619.2.278.3.717616.286.1593493269.25,1.2.840.113619.2.278.3.717616.286.1593493269.109.4202498,Venous,BAD,12.0,12.0,12.0,4.0,4.0,1.0,1.0,True,-2.2,1.7,3.4,4.0,6.1,,LARGE_CENTROID_DIST: IVC=16.5mm
1.2.840.113619.2.278.3.717616.286.1593493292.675,1.2.840.113619.2.278.3.717616.286.1593493292.775.4198401,Arterial,OK,12.0,12.0,12.0,4.0,4.0,1.0,1.0,True,-3.7,1.0,1.1,1.3,4.7,,
1.2.840.113619.2.278.3.717616.286.1593493292.675,1.2.840.113619.2.278.3.717616.286.1593493292.775.4202498,Venous,OK,12.0,12.0,12.0,4.0,4.0,1.0,1.0,True,1.2,1.1,1.0,1.7,2.4,,
1.2.840.113619.2.278.3.717616.286.1593493295.610,1.2.840.113619.2.278.3.717616.286.1593493295.769.4198401,Arterial,file_missing,,,,,,,,,,,,,,../ncct_cect/vindr_ds/aligned_volumes/1.2.840.113619.2.278.3.717616.286.1593493295.610/1.2.840.113619.2.278.3.717616.286.1593493295.610_1.2.840.113619.2.278.3.717616.286.1593493295.769.4198401_aligned_seg_reg.nii.gz,
1.2.840.113619.2.278.3.717616.286.1593493295.610,1.2.840.113619.2.278.3.717616.286.1593493295.769.4202498,Venous,BAD,6.0,5.0,5.0,2.0,1.0,1.0,1.0,True,2.8,0.0,1.8,1.8,5.1,,KABSCH_BONE_TOO_FEW
1.2.840.113619.2.278.3.717616.286.1593493295.610,1.2.840.113619.2.278.3.717616.286.1593493296.9.11,Arterial,BAD,6.0,12.0,6.0,3.0,1.0,1.0,1.0,True,-160.9,0.0,22.6,22.6,125.3,,BAD_Z_OFFSET=-160.9mm | LARGE_CENTROID_DIST: kidney_L=162.5mm | aorta=80.5mm | IVC=92.4mm | L2=175.7mm | L3=185.2mm | spinal_cord=55.2mm
1.2.840.113619.2.278.3.717616.286.1593493297.670,1.2.840.113619.2.278.3.717616.286.1593493297.767.4198401,Arterial,BAD,12.0,12.0,12.0,4.0,4.0,1.0,1.0,True,-7.2,0.5,0.9,1.4,8.2,,LARGE_CENTROID_DIST: gallbladder=18.1mm
1.2.840.113619.2.278.3.717616.286.1593493297.670,1.2.840.113619.2.278.3.717616.286.1593493297.767.4202498,Venous,BAD,12.0,12.0,12.0,4.0,4.0,1.0,1.0,True,7.2,2.2,1.3,3.3,6.7,,LARGE_CENTROID_DIST: gallbladder=21.9mm
1.2.840.113619.2.278.3.717616.286.1593493300.681,1.2.840.113619.2.278.3.717616.286.1593493300.771.4198401,Arterial,BAD,12.0,12.0,12.0,4.0,4.0,1.0,1.0,True,-14.7,4.0,4.4,7.8,18.8,,LARGE_CENTROID_DIST: liver=17.4mm | spleen=18.7mm | kidney_R=15.7mm | pancreas=43.9mm | IVC=44.7mm
1.2.840.113619.2.278.3.717616.286.1593493300.681,1.2.840.113619.2.278.3.717616.286.1593493300.771.4202498,Venous,BAD,12.0,12.0,12.0,4.0,4.0,1.0,1.0,True,1.0,4.1,4.6,6.9,8.3,,LARGE_CENTROID_DIST: pancreas=35.3mm | IVC=22.6mm
1.2.840.113619.2.278.3.717616.286.1593493314.315,1.2.840.113619.2.278.3.717616.286.1593493314.434.4198401,Arterial,BAD,12.0,12.0,12.0,4.0,4.0,1.0,1.0,True,10.2,3.2,1.7,4.6,7.5,,LARGE_CENTROID_DIST: kidney_R=16.1mm
1.2.840.113619.2.278.3.717616.286.1593493314.315,1.2.840.113619.2.278.3.717616.286.1593493314.434.4202498,Venous,OK,12.0,12.0,12.0,4.0,4.0,1.0,1.0,True,4.7,3.2,1.8,4.1,4.4,,
1.2.840.113619.2.278.3.717616.286.1593493317.912,1.2.840.113619.2.278.3.717616.286.1593493318.9.4198401,Arterial,BAD,12.0,12.0,12.0,4.0,4.0,1.0,1.0,True,-4.3,6.1,4.0,9.2,4.7,,LARGE_CENTROID_DIST: spleen=16.5mm
1.2.840.113619.2.278.3.717616.286.1593493317.912,1.2.840.113619.2.278.3.717616.286.1593493318.9.4202498,Venous,BAD,12.0,12.0,12.0,4.0,4.0,1.0,1.0,True,29.5,3.0,11.2,32.8,26.8,,LARGE_CENTROID_DIST: liver=31.4mm | spleen=42.6mm | kidney_L=26.5mm | kidney_R=34.0mm | pancreas=26.4mm | gallbladder=31.5mm | IVC=17.8mm | L1=26.7mm | L2=26.9mm | L3=26.7mm | spinal_cord=17.3mm
1.2.840.113619.2.278.3.717616.286.1593493320.133,1.2.840.113619.2.278.3.717616.286.1593493320.233.4198401,Arterial,file_missing,,,,,,,,,,,,,,../ncct_cect/vindr_ds/aligned_volumes/1.2.840.113619.2.278.3.717616.286.1593493320.133/1.2.840.113619.2.278.3.717616.286.1593493320.133_1.2.840.113619.2.278.3.717616.286.1593493320.233.4198401_aligned_seg_reg.nii.gz,
1.2.840.113619.2.278.3.717616.286.1593493320.133,1.2.840.113619.2.278.3.717616.286.1593493320.233.4202498,Venous,BAD,6.0,7.0,6.0,2.0,2.0,1.0,1.0,True,-4.3,0.2,2.6,4.5,5.4,,KABSCH_BONE_TOO_FEW
1.2.840.113619.2.278.3.717616.286.1593493320.133,1.2.840.113619.2.278.3.717616.286.1593493320.416.11,Arterial,BAD,6.0,12.0,6.0,2.0,2.0,1.0,1.0,True,-158.6,3.9,9.7,10.3,134.0,,KABSCH_BONE_TOO_FEW | BAD_Z_OFFSET=-158.6mm | LARGE_CENTROID_DIST: kidney_L=155.0mm | kidney_R=162.8mm | aorta=92.5mm | IVC=110.7mm | L3=204.8mm | spinal_cord=78.0mm
1.2.840.113619.2.278.3.717616.306.1582703613.411,1.2.840.113619.2.278.3.717616.306.1582703613.503.4198401,Arterial,BAD,12.0,12.0,12.0,4.0,4.0,1.0,1.0,True,-14.4,0.8,2.2,3.3,11.3,,LARGE_CENTROID_DIST: spleen=15.0mm | kidney_R=15.3mm | pancreas=15.7mm
1.2.840.113619.2.278.3.717616.306.1582703613.411,1.2.840.113619.2.278.3.717616.306.1582703613.503.4202498,Venous,BAD,12.0,12.0,12.0,4.0,4.0,1.0,1.0,True,-6.6,4.8,4.5,6.4,11.2,,LARGE_CENTROID_DIST: IVC=20.3mm | L1=17.7mm | L2=16.0mm
1.2.840.113619.2.278.3.717616.306.1582703614.364,1.2.840.113619.2.278.3.717616.306.1582703614.456.4198401,Arterial,OK,11.0,11.0,11.0,4.0,4.0,1.0,1.0,True,-7.7,1.3,2.2,4.2,8.6,,
1.2.840.113619.2.278.3.717616.306.1582703614.364,1.2.840.113619.2.278.3.717616.306.1582703614.456.4202498,Venous,BAD,11.0,11.0,11.0,4.0,4.0,1.0,1.0,True,1.3,1.5,2.8,3.7,5.2,,LARGE_CENTROID_DIST: IVC=18.0mm
1.2.840.113619.2.278.3.717616.306.1582703623.307,1.2.840.113619.2.278.3.717616.306.1582703623.407.4198401,Arterial,OK,12.0,12.0,12.0,4.0,4.0,1.0,1.0,True,3.4,0.7,1.2,1.8,2.8,,
1.2.840.113619.2.278.3.717616.306.1582703623.307,1.2.840.113619.2.278.3.717616.306.1582703623.407.4202498,Venous,OK,12.0,12.0,12.0,4.0,4.0,1.0,1.0,True,-1.2,1.0,3.2,6.0,3.6,,
1.2.840.113619.2.278.3.717616.306.1582703629.833,1.2.840.113619.2.278.3.717616.306.1582703629.925.4198401,Arterial,BAD,12.0,12.0,12.0,4.0,4.0,1.0,1.0,True,-22.5,1.0,1.5,3.0,20.3,,LARGE_CENTROID_DIST: liver=21.7mm | spleen=21.8mm | kidney_L=22.4mm | kidney_R=24.4mm | pancreas=23.2mm | gallbladder=23.3mm | IVC=22.6mm | L1=20.1mm | L2=20.2mm | L3=20.4mm
1.2.840.113619.2.278.3.717616.306.1582703629.833,1.2.840.113619.2.278.3.717616.306.1582703629.925.4202498,Venous,BAD,12.0,12.0,12.0,4.0,4.0,1.0,1.0,True,-17.6,1.3,2.1,3.4,17.3,,LARGE_CENTROID_DIST: liver=17.2mm | spleen=17.9mm | kidney_L=19.6mm | kidney_R=16.3mm | pancreas=19.1mm | gallbladder=17.2mm | IVC=16.0mm | L1=20.1mm | L2=20.1mm | L3=20.3mm
1.2.840.113619.2.278.3.717616.306.1582703630.242,1.2.840.113619.2.278.3.717616.306.1582703630.333.4198401,Arterial,file_missing,,,,,,,,,,,,,,../ncct_cect/vindr_ds/aligned_volumes/1.2.840.113619.2.278.3.717616.306.1582703630.242/1.2.840.113619.2.278.3.717616.306.1582703630.242_1.2.840.113619.2.278.3.717616.306.1582703630.333.4198401_aligned_seg_reg.nii.gz,
1.2.840.113619.2.278.3.717616.306.1582703630.242,1.2.840.113619.2.278.3.717616.306.1582703630.333.4202498,Venous,BAD,8.0,8.0,8.0,2.0,3.0,1.0,1.0,True,-3.2,1.3,1.3,1.8,4.3,,KABSCH_BONE_TOO_FEW
1.2.840.113619.2.278.3.717616.306.1582703630.242,1.2.840.113619.2.278.3.717616.306.1582703630.500.11,Arterial,BAD,8.0,12.0,8.0,2.0,3.0,1.0,1.0,True,-133.4,31.6,21.9,47.1,119.3,,KABSCH_BONE_TOO_FEW | BAD_Z_OFFSET=-133.4mm | LARGE_CENTROID_DIST: liver=103.4mm | kidney_L=139.6mm | kidney_R=169.0mm | pancreas=140.1mm | aorta=70.7mm | IVC=105.6mm | L3=166.1mm | spinal_cord=59.6mm
1.2.840.113619.2.278.3.717616.306.1582703645.511,1.2.840.113619.2.278.3.717616.306.1582703645.622.4198401,Arterial,BAD,12.0,12.0,12.0,4.0,4.0,1.0,1.0,True,-16.5,2.3,1.5,2.0,16.1,,LARGE_CENTROID_DIST: spleen=19.5mm | kidney_L=16.2mm | kidney_R=17.2mm | pancreas=20.3mm | gallbladder=16.1mm | aorta=19.7mm | L1=18.7mm | L2=18.7mm | L3=18.6mm
1.2.840.113619.2.278.3.717616.306.1582703645.511,1.2.840.113619.2.278.3.717616.306.1582703645.622.4202498,Venous,BAD,12.0,12.0,12.0,4.0,4.0,1.0,1.0,True,-16.4,1.1,1.2,2.1,16.1,,LARGE_CENTROID_DIST: liver=16.8mm | spleen=16.5mm | kidney_R=17.8mm | pancreas=21.0mm | gallbladder=19.1mm | aorta=16.7mm | L1=17.7mm | L2=17.8mm | L3=17.6mm
1.2.840.113619.2.278.3.717616.306.1582703645.873,1.2.840.113619.2.278.3.717616.306.1582703646.13.4198401,Arterial,BAD,12.0,12.0,12.0,4.0,4.0,1.0,1.0,True,-8.5,3.0,5.0,8.0,7.3,,LARGE_CENTROID_DIST: IVC=16.1mm
1.2.840.113619.2.278.3.717616.306.1582703645.873,1.2.840.113619.2.278.3.717616.306.1582703646.13.4202498,Venous,OK,12.0,12.0,12.0,4.0,4.0,1.0,1.0,True,4.8,1.4,3.8,4.2,6.7,,
1.2.840.113619.2.278.3.717616.306.1582703649.869,1.2.840.113619.2.278.3.717616.306.1582703649.962.4198401,Arterial,OK,12.0,12.0,12.0,4.0,4.0,1.0,1.0,True,-7.3,0.5,3.0,4.0,6.0,,
1.2.840.113619.2.278.3.717616.306.1582703649.869,1.2.840.113619.2.278.3.717616.306.1582703649.962.4202498,Venous,OK,12.0,12.0,12.0,4.0,4.0,1.0,1.0,True,-2.6,1.9,3.6,7.5,4.8,,
1.2.840.113619.2.278.3.717616.306.1582703661.35,1.2.840.113619.2.278.3.717616.306.1582703661.129.4198401,Arterial,OK,12.0,12.0,12.0,4.0,4.0,1.0,1.0,True,-9.0,0.9,2.1,3.6,7.9,,
1.2.840.113619.2.278.3.717616.306.1582703661.35,1.2.840.113619.2.278.3.717616.306.1582703661.129.4202498,Venous,OK,12.0,12.0,12.0,4.0,4.0,1.0,1.0,True,-3.6,2.9,3.2,5.9,5.4,,
1.2.840.113619.2.278.3.717616.306.1582703663.824,1.2.840.113619.2.278.3.717616.306.1582703663.961.4198401,Arterial,OK,12.0,12.0,12.0,4.0,4.0,1.0,1.0,True,-1.2,3.0,2.8,5.6,5.4,,
1.2.840.113619.2.278.3.717616.306.1582703663.824,1.2.840.113619.2.278.3.717616.306.1582703663.961.4202498,Venous,BAD,12.0,12.0,12.0,4.0,4.0,1.0,1.0,True,2.8,4.4,3.8,6.6,6.4,,LARGE_CENTROID_DIST: pancreas=15.6mm
1.2.840.113619.2.278.3.717616.306.1582703665.23,1.2.840.113619.2.278.3.717616.306.1582703665.117.4198401,Arterial,OK,12.0,12.0,12.0,4.0,4.0,1.0,1.0,True,-1.1,1.0,2.8,3.9,6.0,,
1.2.840.113619.2.278.3.717616.306.1582703665.23,1.2.840.113619.2.278.3.717616.306.1582703665.117.4202498,Venous,OK,12.0,12.0,12.0,4.0,4.0,1.0,1.0,True,-6.3,1.4,1.7,2.2,7.9,,
1.2.840.113619.2.278.3.717616.306.1582703665.824,1.2.840.113619.2.278.3.717616.306.1582703665.961.4198401,Arterial,BAD,12.0,12.0,12.0,4.0,4.0,1.0,1.0,True,-32.5,1.6,1.6,2.8,28.8,,LARGE_CENTROID_DIST: liver=30.1mm | spleen=32.3mm | kidney_L=34.0mm | kidney_R=33.8mm | pancreas=36.2mm | gallbladder=30.1mm | aorta=17.5mm | IVC=24.9mm | L1=29.7mm | L2=29.7mm | L3=29.8mm | spinal_cord=17.1mm
1.2.840.113619.2.278.3.717616.306.1582703665.824,1.2.840.113619.2.278.3.717616.306.1582703665.961.4202498,Venous,BAD,12.0,12.0,12.0,4.0,4.0,1.0,1.0,True,-25.1,4.1,11.6,17.3,30.9,,LARGE_CENTROID_DIST: liver=25.4mm | spleen=27.4mm | kidney_L=31.1mm | kidney_R=28.4mm | pancreas=33.5mm | gallbladder=27.6mm | aorta=18.4mm | IVC=19.8mm | L1=44.3mm | L2=44.4mm | L3=44.5mm | spinal_cord=26.5mm
1.2.840.113619.2.278.3.717616.306.1582703674.772,1.2.840.113619.2.278.3.717616.306.1582703674.872.4198401,Arterial,OK,12.0,12.0,12.0,4.0,4.0,1.0,1.0,True,-7.0,0.4,1.0,1.5,7.3,,
1.2.840.113619.2.278.3.717616.306.1582703674.772,1.2.840.113619.2.278.3.717616.306.1582703674.872.4202498,Venous,OK,12.0,12.0,12.0,4.0,4.0,1.0,1.0,True,-7.1,0.7,1.8,5.2,6.9,,
1.2.840.113619.2.278.3.717616.310.1589696975.113,1.2.840.113619.2.278.3.717616.310.1589696975.214.4198401,Arterial,OK,11.0,11.0,11.0,4.0,4.0,1.0,1.0,True,-8.0,0.9,1.0,1.9,6.3,,
1.2.840.113619.2.278.3.717616.310.1589696975.113,1.2.840.113619.2.278.3.717616.310.1589696975.214.4202498,Venous,OK,11.0,11.0,11.0,4.0,4.0,1.0,1.0,True,-8.3,0.7,1.5,2.1,5.8,,
1.2.840.113619.2.278.3.717616.323.1577925255.997,1.2.840.113619.2.278.3.717616.323.1577925256.95.4198401,Arterial,BAD,12.0,12.0,12.0,4.0,4.0,1.0,1.0,True,-7.1,1.4,5.3,6.7,10.6,,LARGE_CENTROID_DIST: IVC=21.4mm
1.2.840.113619.2.278.3.717616.323.1577925255.997,1.2.840.113619.2.278.3.717616.323.1577925256.95.4202498,Venous,BAD,12.0,12.0,12.0,4.0,4.0,1.0,1.0,True,7.2,2.0,6.7,8.3,9.6,,LARGE_CENTROID_DIST: gallbladder=17.5mm
1.2.840.113619.2.278.3.717616.338.1594256032.507,1.2.840.113619.2.278.3.717616.338.1594256032.611.4198401,Arterial,OK,11.0,12.0,11.0,4.0,4.0,1.0,1.0,True,10.4,1.6,1.5,3.4,9.8,,
1.2.840.113619.2.278.3.717616.338.1594256032.507,1.2.840.113619.2.278.3.717616.338.1594256032.611.4202498,Venous,BAD,11.0,12.0,11.0,4.0,4.0,1.0,1.0,True,25.4,4.0,4.0,6.8,25.2,,LARGE_CENTROID_DIST: liver=29.8mm | spleen=22.1mm | kidney_L=22.8mm | kidney_R=28.9mm | pancreas=28.4mm | IVC=27.8mm | L1=30.3mm | L2=30.5mm | L3=30.2mm | spinal_cord=18.8mm
1.2.840.113619.2.278.3.717616.338.1594256103.303,1.2.840.113619.2.278.3.717616.338.1594256103.400.4198401,Arterial,BAD,12.0,12.0,12.0,4.0,4.0,1.0,1.0,True,-23.9,2.5,6.1,9.5,25.0,,LARGE_CENTROID_DIST: liver=26.7mm | spleen=25.4mm | kidney_L=21.9mm | kidney_R=25.3mm | pancreas=27.3mm | gallbladder=24.6mm | aorta=16.7mm | L1=33.9mm | L2=33.8mm | L3=33.7mm | spinal_cord=20.8mm
1.2.840.113619.2.278.3.717616.338.1594256103.303,1.2.840.113619.2.278.3.717616.338.1594256103.400.4202498,Venous,OK,12.0,12.0,12.0,4.0,4.0,1.0,1.0,True,0.9,2.9,4.7,8.4,5.0,,
1.2.840.113619.2.278.3.717616.343.1572582741.986,1.2.840.113619.2.278.3.717616.343.1572582741.991.3,Non-contrast,OK,12.0,12.0,12.0,4.0,4.0,1.0,1.0,True,0.0,0.0,0.0,0.0,0.0,,
1.2.840.113619.2.278.3.717616.343.1572582741.986,1.2.840.113619.2.278.3.717616.343.1572582742.75.4198400,Arterial,file_missing,,,,,,,,,,,,,,../ncct_cect/vindr_ds/aligned_volumes/1.2.840.113619.2.278.3.717616.343.1572582741.986/1.2.840.113619.2.278.3.717616.343.1572582741.986_1.2.840.113619.2.278.3.717616.343.1572582742.75.4198400_aligned_seg_reg.nii.gz,
1.2.840.113619.2.278.3.717616.343.1572582741.986,1.2.840.113619.2.278.3.717616.343.1572582742.75.4198401,Arterial,OK,12.0,12.0,12.0,4.0,4.0,1.0,1.0,True,9.2,0.9,1.2,2.3,8.3,,
1.2.840.113619.2.278.3.717616.343.1572582741.986,1.2.840.113619.2.278.3.717616.343.1572582742.75.4202496,Venous,file_missing,,,,,,,,,,,,,,../ncct_cect/vindr_ds/aligned_volumes/1.2.840.113619.2.278.3.717616.343.1572582741.986/1.2.840.113619.2.278.3.717616.343.1572582741.986_1.2.840.113619.2.278.3.717616.343.1572582742.75.4202496_aligned_seg_reg.nii.gz,
1.2.840.113619.2.278.3.717616.343.1572582741.986,1.2.840.113619.2.278.3.717616.343.1572582742.75.4202498,Venous,BAD,12.0,12.0,12.0,4.0,4.0,1.0,1.0,True,24.2,0.4,1.5,3.2,22.0,,LARGE_CENTROID_DIST: liver=24.0mm | spleen=23.8mm | kidney_L=24.2mm | kidney_R=24.8mm | pancreas=24.9mm | gallbladder=23.7mm | IVC=17.8mm | L1=24.5mm | L2=24.6mm | L3=24.7mm | spinal_cord=15.1mm
1.2.840.113619.2.278.3.717616.551.1589814093.67,1.2.840.113619.2.278.3.717616.551.1589814093.159.4198401,Arterial,BAD,7.0,11.0,7.0,2.0,3.0,1.0,1.0,True,-123.3,30.1,18.2,28.6,116.6,,KABSCH_BONE_TOO_FEW | BAD_Z_OFFSET=-123.3mm | LARGE_CENTROID_DIST: liver=85.7mm | kidney_L=147.2mm | kidney_R=143.2mm | aorta=75.9mm | IVC=106.3mm | L3=179.6mm | spinal_cord=78.0mm
1.2.840.113619.2.278.3.717616.551.1589814093.67,1.2.840.113619.2.278.3.717616.551.1589814093.159.4202498,Venous,BAD,7.0,7.0,7.0,2.0,3.0,1.0,1.0,True,2.1,0.5,3.5,7.4,3.8,,KABSCH_BONE_TOO_FEW
1.2.840.113619.2.278.3.717616.551.1589814118.933,1.2.840.113619.2.278.3.717616.551.1589814119.28.4198401,Arterial,OK,12.0,12.0,12.0,4.0,4.0,1.0,1.0,True,-5.3,2.1,1.3,2.2,6.3,,
1.2.840.113619.2.278.3.717616.551.1589814118.933,1.2.840.113619.2.278.3.717616.551.1589814119.28.4202498,Venous,OK,12.0,12.0,12.0,4.0,4.0,1.0,1.0,True,-1.2,0.6,1.7,2.4,3.3,,
1.2.840.113619.2.359.3.2831208971.102.1580775832.66,1.2.840.113619.2.359.3.2831208971.102.1580775832.166.4198400,Arterial,file_missing,,,,,,,,,,,,,,../ncct_cect/vindr_ds/aligned_volumes/1.2.840.113619.2.359.3.2831208971.102.1580775832.66/1.2.840.113619.2.359.3.2831208971.102.1580775832.66_1.2.840.113619.2.359.3.2831208971.102.1580775832.166.4198400_aligned_seg_reg.nii.gz,
1.2.840.113619.2.359.3.2831208971.102.1580775832.66,1.2.840.113619.2.359.3.2831208971.102.1580775832.166.4198401,Arterial,BAD,3.0,10.0,2.0,1.0,0.0,1.0,1.0,True,,,,,64.9,,KABSCH_FAIL_TOO_FEW_ORGANS | KABSCH_BONE_TOO_FEW | BAD_Z_OFFSET=nanmm | LARGE_CENTROID_DIST: aorta=72.4mm | spinal_cord=57.4mm
1.2.840.113619.2.359.3.2831208971.102.1580775832.66,1.2.840.113619.2.359.3.2831208971.102.1580775832.166.4202496,Arterial,file_missing,,,,,,,,,,,,,,../ncct_cect/vindr_ds/aligned_volumes/1.2.840.113619.2.359.3.2831208971.102.1580775832.66/1.2.840.113619.2.359.3.2831208971.102.1580775832.66_1.2.840.113619.2.359.3.2831208971.102.1580775832.166.4202496_aligned_seg_reg.nii.gz,
1.2.840.113619.2.359.3.2831208971.102.1580775832.66,1.2.840.113619.2.359.3.2831208971.102.1580775832.166.4202497,Arterial,file_missing,,,,,,,,,,,,,,../ncct_cect/vindr_ds/aligned_volumes/1.2.840.113619.2.359.3.2831208971.102.1580775832.66/1.2.840.113619.2.359.3.2831208971.102.1580775832.66_1.2.840.113619.2.359.3.2831208971.102.1580775832.166.4202497_aligned_seg_reg.nii.gz,
1.2.840.113619.2.359.3.2831208971.102.1580775832.66,1.2.840.113619.2.359.3.2831208971.102.1580775832.166.4206592,Venous,file_missing,,,,,,,,,,,,,,../ncct_cect/vindr_ds/aligned_volumes/1.2.840.113619.2.359.3.2831208971.102.1580775832.66/1.2.840.113619.2.359.3.2831208971.102.1580775832.66_1.2.840.113619.2.359.3.2831208971.102.1580775832.166.4206592_aligned_seg_reg.nii.gz,
1.2.840.113619.2.359.3.2831208971.102.1580775832.66,1.2.840.113619.2.359.3.2831208971.102.1580775832.166.4206593,Venous,BAD,3.0,4.0,3.0,2.0,0.0,1.0,1.0,True,,,,,5.0,,KABSCH_BONE_TOO_FEW | BAD_Z_OFFSET=nanmm
1.2.840.113619.2.359.3.2831208971.102.1580775832.66,1.2.840.113619.2.359.3.2831208971.102.1580775832.395.11,Other,BAD,3.0,10.0,2.0,1.0,0.0,1.0,1.0,True,,,,,65.4,,KABSCH_FAIL_TOO_FEW_ORGANS | KABSCH_BONE_TOO_FEW | BAD_Z_OFFSET=nanmm | LARGE_CENTROID_DIST: aorta=74.3mm | spinal_cord=56.6mm
1.2.840.113619.2.359.3.2831208971.114.1571703288.442,1.2.840.113619.2.359.3.2831208971.114.1571703288.539.4198400,Arterial,file_missing,,,,,,,,,,,,,,../ncct_cect/vindr_ds/aligned_volumes/1.2.840.113619.2.359.3.2831208971.114.1571703288.442/1.2.840.113619.2.359.3.2831208971.114.1571703288.442_1.2.840.113619.2.359.3.2831208971.114.1571703288.539.4198400_aligned_seg_reg.nii.gz,
1.2.840.113619.2.359.3.2831208971.114.1571703288.442,1.2.840.113619.2.359.3.2831208971.114.1571703288.539.4198401,Arterial,file_missing,,,,,,,,,,,,,,../ncct_cect/vindr_ds/aligned_volumes/1.2.840.113619.2.359.3.2831208971.114.1571703288.442/1.2.840.113619.2.359.3.2831208971.114.1571703288.442_1.2.840.113619.2.359.3.2831208971.114.1571703288.539.4198401_aligned_seg_reg.nii.gz,
1.2.840.113619.2.359.3.2831208971.114.1571703288.442,1.2.840.113619.2.359.3.2831208971.114.1571703288.539.4202496,Arterial,file_missing,,,,,,,,,,,,,,../ncct_cect/vindr_ds/aligned_volumes/1.2.840.113619.2.359.3.2831208971.114.1571703288.442/1.2.840.113619.2.359.3.2831208971.114.1571703288.442_1.2.840.113619.2.359.3.2831208971.114.1571703288.539.4202496_aligned_seg_reg.nii.gz,
1.2.840.113619.2.359.3.2831208971.114.1571703288.442,1.2.840.113619.2.359.3.2831208971.114.1571703288.539.4202497,Arterial,BAD,1.0,12.0,1.0,1.0,0.0,1.0,1.0,True,,,,,56.5,,KABSCH_FAIL_TOO_FEW_ORGANS | KABSCH_BONE_TOO_FEW | BAD_Z_OFFSET=nanmm | LARGE_CENTROID_DIST: spinal_cord=56.5mm
1.2.840.113619.2.359.3.2831208971.114.1571703288.442,1.2.840.113619.2.359.3.2831208971.114.1571703288.539.4206592,Venous,file_missing,,,,,,,,,,,,,,../ncct_cect/vindr_ds/aligned_volumes/1.2.840.113619.2.359.3.2831208971.114.1571703288.442/1.2.840.113619.2.359.3.2831208971.114.1571703288.442_1.2.840.113619.2.359.3.2831208971.114.1571703288.539.4206592_aligned_seg_reg.nii.gz,
1.2.840.113619.2.359.3.2831208971.114.1571703288.442,1.2.840.113619.2.359.3.2831208971.114.1571703288.539.4206593,Venous,BAD,1.0,1.0,1.0,1.0,0.0,1.0,1.0,True,,,,,3.7,,KABSCH_FAIL_TOO_FEW_ORGANS | KABSCH_BONE_TOO_FEW | BAD_Z_OFFSET=nanmm
1.2.840.113619.2.359.3.2831208971.114.1571963005.297,1.2.840.113619.2.359.3.2831208971.114.1571963005.389.4198400,Arterial,file_missing,,,,,,,,,,,,,,../ncct_cect/vindr_ds/aligned_volumes/1.2.840.113619.2.359.3.2831208971.114.1571963005.297/1.2.840.113619.2.359.3.2831208971.114.1571963005.297_1.2.840.113619.2.359.3.2831208971.114.1571963005.389.4198400_aligned_seg_reg.nii.gz,
1.2.840.113619.2.359.3.2831208971.114.1571963005.297,1.2.840.113619.2.359.3.2831208971.114.1571963005.389.4198401,Arterial,file_missing,,,,,,,,,,,,,,../ncct_cect/vindr_ds/aligned_volumes/1.2.840.113619.2.359.3.2831208971.114.1571963005.297/1.2.840.113619.2.359.3.2831208971.114.1571963005.297_1.2.840.113619.2.359.3.2831208971.114.1571963005.389.4198401_aligned_seg_reg.nii.gz,
1.2.840.113619.2.359.3.2831208971.114.1571963005.297,1.2.840.113619.2.359.3.2831208971.114.1571963005.389.4202496,Arterial,file_missing,,,,,,,,,,,,,,../ncct_cect/vindr_ds/aligned_volumes/1.2.840.113619.2.359.3.2831208971.114.1571963005.297/1.2.840.113619.2.359.3.2831208971.114.1571963005.297_1.2.840.113619.2.359.3.2831208971.114.1571963005.389.4202496_aligned_seg_reg.nii.gz,
1.2.840.113619.2.359.3.2831208971.114.1571963005.297,1.2.840.113619.2.359.3.2831208971.114.1571963005.389.4202497,Arterial,BAD,1.0,12.0,1.0,1.0,0.0,1.0,1.0,True,,,,,66.7,,KABSCH_FAIL_TOO_FEW_ORGANS | KABSCH_BONE_TOO_FEW | BAD_Z_OFFSET=nanmm | LARGE_CENTROID_DIST: spinal_cord=66.7mm
1.2.840.113619.2.359.3.2831208971.114.1571963005.297,1.2.840.113619.2.359.3.2831208971.114.1571963005.389.4206592,Venous,file_missing,,,,,,,,,,,,,,../ncct_cect/vindr_ds/aligned_volumes/1.2.840.113619.2.359.3.2831208971.114.1571963005.297/1.2.840.113619.2.359.3.2831208971.114.1571963005.297_1.2.840.113619.2.359.3.2831208971.114.1571963005.389.4206592_aligned_seg_reg.nii.gz,
1.2.840.113619.2.359.3.2831208971.114.1571963005.297,1.2.840.113619.2.359.3.2831208971.114.1571963005.389.4206593,Venous,BAD,1.0,1.0,1.0,1.0,0.0,1.0,1.0,True,,,,,4.5,,KABSCH_FAIL_TOO_FEW_ORGANS | KABSCH_BONE_TOO_FEW | BAD_Z_OFFSET=nanmm
1.2.840.113619.2.359.3.2831208971.114.1571963005.297,1.2.840.113619.2.359.3.2831208971.114.1571963005.619.11,Other,BAD,1.0,12.0,1.0,1.0,0.0,1.0,1.0,True,,,,,65.8,,KABSCH_FAIL_TOO_FEW_ORGANS | KABSCH_BONE_TOO_FEW | BAD_Z_OFFSET=nanmm | LARGE_CENTROID_DIST: spinal_cord=65.8mm
1.2.840.113619.2.359.3.2831208971.125.1572221105.250,1.2.840.113619.2.359.3.2831208971.125.1572221105.344.4198400,Arterial,file_missing,,,,,,,,,,,,,,../ncct_cect/vindr_ds/aligned_volumes/1.2.840.113619.2.359.3.2831208971.125.1572221105.250/1.2.840.113619.2.359.3.2831208971.125.1572221105.250_1.2.840.113619.2.359.3.2831208971.125.1572221105.344.4198400_aligned_seg_reg.nii.gz,
1.2.840.113619.2.359.3.2831208971.125.1572221105.250,1.2.840.113619.2.359.3.2831208971.125.1572221105.344.4198401,Arterial,BAD,1.0,7.0,1.0,1.0,0.0,1.0,1.0,True,,,,,47.9,,KABSCH_FAIL_TOO_FEW_ORGANS | KABSCH_BONE_TOO_FEW | BAD_Z_OFFSET=nanmm | LARGE_CENTROID_DIST: spinal_cord=47.9mm
1.2.840.113619.2.359.3.2831208971.125.1572221105.250,1.2.840.113619.2.359.3.2831208971.125.1572221105.344.4202496,Arterial,file_missing,,,,,,,,,,,,,,../ncct_cect/vindr_ds/aligned_volumes/1.2.840.113619.2.359.3.2831208971.125.1572221105.250/1.2.840.113619.2.359.3.2831208971.125.1572221105.250_1.2.840.113619.2.359.3.2831208971.125.1572221105.344.4202496_aligned_seg_reg.nii.gz,
1.2.840.113619.2.359.3.2831208971.125.1572221105.250,1.2.840.113619.2.359.3.2831208971.125.1572221105.344.4202497,Venous,BAD,1.0,9.0,1.0,1.0,0.0,1.0,1.0,True,,,,,50.1,,KABSCH_FAIL_TOO_FEW_ORGANS | KABSCH_BONE_TOO_FEW | BAD_Z_OFFSET=nanmm | LARGE_CENTROID_DIST: spinal_cord=50.1mm
1.2.840.113619.2.359.3.2831208971.125.1572221105.250,1.2.840.113619.2.359.3.2831208971.125.1572221105.344.4206592,Venous,file_missing,,,,,,,,,,,,,,../ncct_cect/vindr_ds/aligned_volumes/1.2.840.113619.2.359.3.2831208971.125.1572221105.250/1.2.840.113619.2.359.3.2831208971.125.1572221105.250_1.2.840.113619.2.359.3.2831208971.125.1572221105.344.4206592_aligned_seg_reg.nii.gz,
1.2.840.113619.2.359.3.2831208971.125.1572221105.250,1.2.840.113619.2.359.3.2831208971.125.1572221105.344.4206593,Venous,file_missing,,,,,,,,,,,,,,../ncct_cect/vindr_ds/aligned_volumes/1.2.840.113619.2.359.3.2831208971.125.1572221105.250/1.2.840.113619.2.359.3.2831208971.125.1572221105.250_1.2.840.113619.2.359.3.2831208971.125.1572221105.344.4206593_aligned_seg_reg.nii.gz,
1.2.840.113619.2.359.3.2831208971.130.1572394495.871,1.2.840.113619.2.359.3.2831208971.130.1572394495.966.4198400,Arterial,file_missing,,,,,,,,,,,,,,../ncct_cect/vindr_ds/aligned_volumes/1.2.840.113619.2.359.3.2831208971.130.1572394495.871/1.2.840.113619.2.359.3.2831208971.130.1572394495.871_1.2.840.113619.2.359.3.2831208971.130.1572394495.966.4198400_aligned_seg_reg.nii.gz,
1.2.840.113619.2.359.3.2831208971.130.1572394495.871,1.2.840.113619.2.359.3.2831208971.130.1572394495.966.4198401,Arterial,BAD,1.0,12.0,1.0,1.0,0.0,1.0,1.0,True,,,,,80.8,,KABSCH_FAIL_TOO_FEW_ORGANS | KABSCH_BONE_TOO_FEW | BAD_Z_OFFSET=nanmm | LARGE_CENTROID_DIST: spinal_cord=80.8mm
1.2.840.113619.2.359.3.2831208971.130.1572394495.871,1.2.840.113619.2.359.3.2831208971.130.1572394495.966.4202496,Arterial,file_missing,,,,,,,,,,,,,,../ncct_cect/vindr_ds/aligned_volumes/1.2.840.113619.2.359.3.2831208971.130.1572394495.871/1.2.840.113619.2.359.3.2831208971.130.1572394495.871_1.2.840.113619.2.359.3.2831208971.130.1572394495.966.4202496_aligned_seg_reg.nii.gz,
1.2.840.113619.2.359.3.2831208971.130.1572394495.871,1.2.840.113619.2.359.3.2831208971.130.1572394495.966.4202497,Arterial,file_missing,,,,,,,,,,,,,,../ncct_cect/vindr_ds/aligned_volumes/1.2.840.113619.2.359.3.2831208971.130.1572394495.871/1.2.840.113619.2.359.3.2831208971.130.1572394495.871_1.2.840.113619.2.359.3.2831208971.130.1572394495.966.4202497_aligned_seg_reg.nii.gz,
1.2.840.113619.2.359.3.2831208971.130.1572394495.871,1.2.840.113619.2.359.3.2831208971.130.1572394495.966.4206592,Venous,file_missing,,,,,,,,,,,,,,../ncct_cect/vindr_ds/aligned_volumes/1.2.840.113619.2.359.3.2831208971.130.1572394495.871/1.2.840.113619.2.359.3.2831208971.130.1572394495.871_1.2.840.113619.2.359.3.2831208971.130.1572394495.966.4206592_aligned_seg_reg.nii.gz,
1.2.840.113619.2.359.3.2831208971.130.1572394495.871,1.2.840.113619.2.359.3.2831208971.130.1572394495.966.4206593,Venous,BAD,1.0,1.0,1.0,1.0,0.0,1.0,1.0,True,,,,,3.8,,KABSCH_FAIL_TOO_FEW_ORGANS | KABSCH_BONE_TOO_FEW | BAD_Z_OFFSET=nanmm
1.2.840.113619.2.359.3.2831208971.130.1572394495.871,1.2.840.113619.2.359.3.2831208971.130.1572394496.182.11,Other,BAD,1.0,12.0,1.0,1.0,0.0,1.0,1.0,True,,,,,80.9,,KABSCH_FAIL_TOO_FEW_ORGANS | KABSCH_BONE_TOO_FEW | BAD_Z_OFFSET=nanmm | LARGE_CENTROID_DIST: spinal_cord=80.9mm
1.2.840.113619.2.359.3.2831208971.134.1574466852.398,1.2.840.113619.2.359.3.2831208971.134.1574466852.490.4198400,Arterial,file_missing,,,,,,,,,,,,,,../ncct_cect/vindr_ds/aligned_volumes/1.2.840.113619.2.359.3.2831208971.134.1574466852.398/1.2.840.113619.2.359.3.2831208971.134.1574466852.398_1.2.840.113619.2.359.3.2831208971.134.1574466852.490.4198400_aligned_seg_reg.nii.gz,
1.2.840.113619.2.359.3.2831208971.134.1574466852.398,1.2.840.113619.2.359.3.2831208971.134.1574466852.490.4198401,Arterial,file_missing,,,,,,,,,,,,,,../ncct_cect/vindr_ds/aligned_volumes/1.2.840.113619.2.359.3.2831208971.134.1574466852.398/1.2.840.113619.2.359.3.2831208971.134.1574466852.398_1.2.840.113619.2.359.3.2831208971.134.1574466852.490.4198401_aligned_seg_reg.nii.gz,
1.2.840.113619.2.359.3.2831208971.134.1574466852.398,1.2.840.113619.2.359.3.2831208971.134.1574466852.490.4202496,Arterial,file_missing,,,,,,,,,,,,,,../ncct_cect/vindr_ds/aligned_volumes/1.2.840.113619.2.359.3.2831208971.134.1574466852.398/1.2.840.113619.2.359.3.2831208971.134.1574466852.398_1.2.840.113619.2.359.3.2831208971.134.1574466852.490.4202496_aligned_seg_reg.nii.gz,
1.2.840.113619.2.359.3.2831208971.134.1574466852.398,1.2.840.113619.2.359.3.2831208971.134.1574466852.490.4202497,Arterial,BAD,2.0,12.0,2.0,1.0,0.0,1.0,1.0,True,,,,,76.8,,KABSCH_FAIL_TOO_FEW_ORGANS | KABSCH_BONE_TOO_FEW | BAD_Z_OFFSET=nanmm | LARGE_CENTROID_DIST: aorta=82.6mm | spinal_cord=70.9mm
1.2.840.113619.2.359.3.2831208971.134.1574466852.398,1.2.840.113619.2.359.3.2831208971.134.1574466852.720,Venous,BAD,2.0,3.0,2.0,1.0,0.0,1.0,1.0,True,,,,,4.3,,KABSCH_FAIL_TOO_FEW_ORGANS | KABSCH_BONE_TOO_FEW | BAD_Z_OFFSET=nanmm
1.2.840.113619.2.359.3.2831208971.163.1572480858.906,1.2.840.113619.2.359.3.2831208971.163.1572480859.216.11,Arterial,BAD,1.0,12.0,1.0,1.0,0.0,1.0,1.0,True,,,,,71.1,,KABSCH_FAIL_TOO_FEW_ORGANS | KABSCH_BONE_TOO_FEW | BAD_Z_OFFSET=nanmm | LARGE_CENTROID_DIST: spinal_cord=71.1mm
1.2.840.113619.2.359.3.2831208971.163.1572480858.906,1.2.840.113619.2.359.3.2831208971.163.1572480859.3.4198400,Arterial,file_missing,,,,,,,,,,,,,,../ncct_cect/vindr_ds/aligned_volumes/1.2.840.113619.2.359.3.2831208971.163.1572480858.906/1.2.840.113619.2.359.3.2831208971.163.1572480858.906_1.2.840.113619.2.359.3.2831208971.163.1572480859.3.4198400_aligned_seg_reg.nii.gz,
1.2.840.113619.2.359.3.2831208971.163.1572480858.906,1.2.840.113619.2.359.3.2831208971.163.1572480859.3.4198401,Arterial,file_missing,,,,,,,,,,,,,,../ncct_cect/vindr_ds/aligned_volumes/1.2.840.113619.2.359.3.2831208971.163.1572480858.906/1.2.840.113619.2.359.3.2831208971.163.1572480858.906_1.2.840.113619.2.359.3.2831208971.163.1572480859.3.4198401_aligned_seg_reg.nii.gz,
1.2.840.113619.2.359.3.2831208971.163.1572480858.906,1.2.840.113619.2.359.3.2831208971.163.1572480859.3.4202496,Arterial,file_missing,,,,,,,,,,,,,,../ncct_cect/vindr_ds/aligned_volumes/1.2.840.113619.2.359.3.2831208971.163.1572480858.906/1.2.840.113619.2.359.3.2831208971.163.1572480858.906_1.2.840.113619.2.359.3.2831208971.163.1572480859.3.4202496_aligned_seg_reg.nii.gz,
1.2.840.113619.2.359.3.2831208971.163.1572480858.906,1.2.840.113619.2.359.3.2831208971.163.1572480859.3.4202497,Arterial,file_missing,,,,,,,,,,,,,,../ncct_cect/vindr_ds/aligned_volumes/1.2.840.113619.2.359.3.2831208971.163.1572480858.906/1.2.840.113619.2.359.3.2831208971.163.1572480858.906_1.2.840.113619.2.359.3.2831208971.163.1572480859.3.4202497_aligned_seg_reg.nii.gz,
1.2.840.113619.2.359.3.2831208971.163.1572480858.906,1.2.840.113619.2.359.3.2831208971.163.1572480859.3.4206592,Venous,file_missing,,,,,,,,,,,,,,../ncct_cect/vindr_ds/aligned_volumes/1.2.840.113619.2.359.3.2831208971.163.1572480858.906/1.2.840.113619.2.359.3.2831208971.163.1572480858.906_1.2.840.113619.2.359.3.2831208971.163.1572480859.3.4206592_aligned_seg_reg.nii.gz,
1.2.840.113619.2.359.3.2831208971.163.1572480858.906,1.2.840.113619.2.359.3.2831208971.163.1572480859.3.4206593,Venous,BAD,1.0,1.0,1.0,1.0,0.0,1.0,1.0,True,,,,,3.0,,KABSCH_FAIL_TOO_FEW_ORGANS | KABSCH_BONE_TOO_FEW | BAD_Z_OFFSET=nanmm
1.2.840.113619.2.359.3.2831208971.164.1590190851.643,1.2.840.113619.2.359.3.2831208971.164.1590190851.735.4198400,Arterial,file_missing,,,,,,,,,,,,,,../ncct_cect/vindr_ds/aligned_volumes/1.2.840.113619.2.359.3.2831208971.164.1590190851.643/1.2.840.113619.2.359.3.2831208971.164.1590190851.643_1.2.840.113619.2.359.3.2831208971.164.1590190851.735.4198400_aligned_seg_reg.nii.gz,
1.2.840.113619.2.359.3.2831208971.164.1590190851.643,1.2.840.113619.2.359.3.2831208971.164.1590190851.735.4198401,Arterial,file_missing,,,,,,,,,,,,,,../ncct_cect/vindr_ds/aligned_volumes/1.2.840.113619.2.359.3.2831208971.164.1590190851.643/1.2.840.113619.2.359.3.2831208971.164.1590190851.643_1.2.840.113619.2.359.3.2831208971.164.1590190851.735.4198401_aligned_seg_reg.nii.gz,
1.2.840.113619.2.359.3.2831208971.164.1590190851.643,1.2.840.113619.2.359.3.2831208971.164.1590190851.735.4202496,Arterial,file_missing,,,,,,,,,,,,,,../ncct_cect/vindr_ds/aligned_volumes/1.2.840.113619.2.359.3.2831208971.164.1590190851.643/1.2.840.113619.2.359.3.2831208971.164.1590190851.643_1.2.840.113619.2.359.3.2831208971.164.1590190851.735.4202496_aligned_seg_reg.nii.gz,
1.2.840.113619.2.359.3.2831208971.164.1590190851.643,1.2.840.113619.2.359.3.2831208971.164.1590190851.735.4202497,Arterial,BAD,1.0,12.0,1.0,1.0,0.0,1.0,1.0,True,,,,,84.5,,KABSCH_FAIL_TOO_FEW_ORGANS | KABSCH_BONE_TOO_FEW | BAD_Z_OFFSET=nanmm | LARGE_CENTROID_DIST: spinal_cord=84.5mm
1.2.840.113619.2.359.3.2831208971.164.1590190851.643,1.2.840.113619.2.359.3.2831208971.164.1590190851.735.4206592,Venous,file_missing,,,,,,,,,,,,,,../ncct_cect/vindr_ds/aligned_volumes/1.2.840.113619.2.359.3.2831208971.164.1590190851.643/1.2.840.113619.2.359.3.2831208971.164.1590190851.643_1.2.840.113619.2.359.3.2831208971.164.1590190851.735.4206592_aligned_seg_reg.nii.gz,
1.2.840.113619.2.359.3.2831208971.164.1590190851.643,1.2.840.113619.2.359.3.2831208971.164.1590190851.735.4206593,Venous,BAD,1.0,1.0,1.0,1.0,0.0,1.0,1.0,True,,,,,5.6,,KABSCH_FAIL_TOO_FEW_ORGANS | KABSCH_BONE_TOO_FEW | BAD_Z_OFFSET=nanmm
1.2.840.113619.2.359.3.2831208971.165.1590622402.677,1.2.840.113619.2.359.3.2831208971.165.1590622402.757.4198400,Arterial,file_missing,,,,,,,,,,,,,,../ncct_cect/vindr_ds/aligned_volumes/1.2.840.113619.2.359.3.2831208971.165.1590622402.677/1.2.840.113619.2.359.3.2831208971.165.1590622402.677_1.2.840.113619.2.359.3.2831208971.165.1590622402.757.4198400_aligned_seg_reg.nii.gz,
1.2.840.113619.2.359.3.2831208971.165.1590622402.677,1.2.840.113619.2.359.3.2831208971.165.1590622402.757.4198401,Arterial,BAD,2.0,12.0,2.0,1.0,1.0,1.0,1.0,True,-57.5,0.0,9.7,9.7,59.5,,KABSCH_FAIL_TOO_FEW_ORGANS | KABSCH_BONE_TOO_FEW | LARGE_CENTROID_DIST: liver=58.3mm | spinal_cord=60.8mm
1.2.840.113619.2.359.3.2831208971.165.1590622402.677,1.2.840.113619.2.359.3.2831208971.165.1590622402.757.4202496,Arterial,file_missing,,,,,,,,,,,,,,../ncct_cect/vindr_ds/aligned_volumes/1.2.840.113619.2.359.3.2831208971.165.1590622402.677/1.2.840.113619.2.359.3.2831208971.165.1590622402.677_1.2.840.113619.2.359.3.2831208971.165.1590622402.757.4202496_aligned_seg_reg.nii.gz,
1.2.840.113619.2.359.3.2831208971.165.1590622402.677,1.2.840.113619.2.359.3.2831208971.165.1590622402.757.4202497,Arterial,file_missing,,,,,,,,,,,,,,../ncct_cect/vindr_ds/aligned_volumes/1.2.840.113619.2.359.3.2831208971.165.1590622402.677/1.2.840.113619.2.359.3.2831208971.165.1590622402.677_1.2.840.113619.2.359.3.2831208971.165.1590622402.757.4202497_aligned_seg_reg.nii.gz,
1.2.840.113619.2.359.3.2831208971.165.1590622402.677,1.2.840.113619.2.359.3.2831208971.165.1590622402.757.4206592,Venous,file_missing,,,,,,,,,,,,,,../ncct_cect/vindr_ds/aligned_volumes/1.2.840.113619.2.359.3.2831208971.165.1590622402.677/1.2.840.113619.2.359.3.2831208971.165.1590622402.677_1.2.840.113619.2.359.3.2831208971.165.1590622402.757.4206592_aligned_seg_reg.nii.gz,
1.2.840.113619.2.359.3.2831208971.165.1590622402.677,1.2.840.113619.2.359.3.2831208971.165.1590622402.757.4206593,Venous,BAD,2.0,3.0,2.0,1.0,1.0,1.0,1.0,True,-1.7,0.0,1.0,1.0,2.2,,KABSCH_FAIL_TOO_FEW_ORGANS | KABSCH_BONE_TOO_FEW
1.2.840.113619.2.359.3.2831208971.165.1590622402.677,1.2.840.113619.2.359.3.2831208971.802.1590627326.472,Venous,file_missing,,,,,,,,,,,,,,../ncct_cect/vindr_ds/aligned_volumes/1.2.840.113619.2.359.3.2831208971.165.1590622402.677/1.2.840.113619.2.359.3.2831208971.165.1590622402.677_1.2.840.113619.2.359.3.2831208971.802.1590627326.472_aligned_seg_reg.nii.gz,
1.2.840.113619.2.359.3.2831208971.19.1592781847.229,1.2.840.113619.2.359.3.2831208971.19.1592781847.330.4198400,Arterial,file_missing,,,,,,,,,,,,,,../ncct_cect/vindr_ds/aligned_volumes/1.2.840.113619.2.359.3.2831208971.19.1592781847.229/1.2.840.113619.2.359.3.2831208971.19.1592781847.229_1.2.840.113619.2.359.3.2831208971.19.1592781847.330.4198400_aligned_seg_reg.nii.gz,
1.2.840.113619.2.359.3.2831208971.19.1592781847.229,1.2.840.113619.2.359.3.2831208971.19.1592781847.330.4198401,Arterial,file_missing,,,,,,,,,,,,,,../ncct_cect/vindr_ds/aligned_volumes/1.2.840.113619.2.359.3.2831208971.19.1592781847.229/1.2.840.113619.2.359.3.2831208971.19.1592781847.229_1.2.840.113619.2.359.3.2831208971.19.1592781847.330.4198401_aligned_seg_reg.nii.gz,
1.2.840.113619.2.359.3.2831208971.19.1592781847.229,1.2.840.113619.2.359.3.2831208971.19.1592781847.330.4202496,Arterial,file_missing,,,,,,,,,,,,,,../ncct_cect/vindr_ds/aligned_volumes/1.2.840.113619.2.359.3.2831208971.19.1592781847.229/1.2.840.113619.2.359.3.2831208971.19.1592781847.229_1.2.840.113619.2.359.3.2831208971.19.1592781847.330.4202496_aligned_seg_reg.nii.gz,
1.2.840.113619.2.359.3.2831208971.19.1592781847.229,1.2.840.113619.2.359.3.2831208971.19.1592781847.330.4202497,Arterial,BAD,3.0,10.0,3.0,1.0,0.0,1.0,1.0,True,,,,,71.5,,KABSCH_BONE_TOO_FEW | BAD_Z_OFFSET=nanmm | LARGE_CENTROID_DIST: aorta=83.2mm | IVC=70.0mm | spinal_cord=61.1mm
1.2.840.113619.2.359.3.2831208971.19.1592781847.229,1.2.840.113619.2.359.3.2831208971.19.1592781847.330.4206592,Venous,file_missing,,,,,,,,,,,,,,../ncct_cect/vindr_ds/aligned_volumes/1.2.840.113619.2.359.3.2831208971.19.1592781847.229/1.2.840.113619.2.359.3.2831208971.19.1592781847.229_1.2.840.113619.2.359.3.2831208971.19.1592781847.330.4206592_aligned_seg_reg.nii.gz,
1.2.840.113619.2.359.3.2831208971.19.1592781847.229,1.2.840.113619.2.359.3.2831208971.19.1592781847.330.4206593,Venous,BAD,3.0,4.0,3.0,1.0,0.0,1.0,1.0,True,,,,,8.8,,KABSCH_BONE_TOO_FEW | BAD_Z_OFFSET=nanmm
1.2.840.113619.2.359.3.2831208971.19.1592781847.229,1.2.840.113619.2.359.3.2831208971.19.1592781847.545.11,Other,BAD,3.0,11.0,3.0,1.0,0.0,1.0,1.0,True,,,,,67.9,,KABSCH_BONE_TOO_FEW | BAD_Z_OFFSET=nanmm | LARGE_CENTROID_DIST: aorta=84.3mm | IVC=58.9mm | spinal_cord=60.4mm
1.2.840.113619.2.359.3.2831208971.207.1576792853.630,1.2.840.113619.2.359.3.2831208971.207.1576792853.721.4198400,Arterial,file_missing,,,,,,,,,,,,,,../ncct_cect/vindr_ds/aligned_volumes/1.2.840.113619.2.359.3.2831208971.207.1576792853.630/1.2.840.113619.2.359.3.2831208971.207.1576792853.630_1.2.840.113619.2.359.3.2831208971.207.1576792853.721.4198400_aligned_seg_reg.nii.gz,
1.2.840.113619.2.359.3.2831208971.207.1576792853.630,1.2.840.113619.2.359.3.2831208971.207.1576792853.721.4198401,Arterial,BAD,1.0,12.0,1.0,1.0,0.0,1.0,1.0,True,,,,,67.9,,KABSCH_FAIL_TOO_FEW_ORGANS | KABSCH_BONE_TOO_FEW | BAD_Z_OFFSET=nanmm | LARGE_CENTROID_DIST: spinal_cord=67.9mm
1.2.840.113619.2.359.3.2831208971.207.1576792853.630,1.2.840.113619.2.359.3.2831208971.207.1576792853.721.4202496,Arterial,file_missing,,,,,,,,,,,,,,../ncct_cect/vindr_ds/aligned_volumes/1.2.840.113619.2.359.3.2831208971.207.1576792853.630/1.2.840.113619.2.359.3.2831208971.207.1576792853.630_1.2.840.113619.2.359.3.2831208971.207.1576792853.721.4202496_aligned_seg_reg.nii.gz,
1.2.840.113619.2.359.3.2831208971.207.1576792853.630,1.2.840.113619.2.359.3.2831208971.207.1576792853.721.4202497,Arterial,file_missing,,,,,,,,,,,,,,../ncct_cect/vindr_ds/aligned_volumes/1.2.840.113619.2.359.3.2831208971.207.1576792853.630/1.2.840.113619.2.359.3.2831208971.207.1576792853.630_1.2.840.113619.2.359.3.2831208971.207.1576792853.721.4202497_aligned_seg_reg.nii.gz,
1.2.840.113619.2.359.3.2831208971.207.1576792853.630,1.2.840.113619.2.359.3.2831208971.207.1576792853.721.4206592,Venous,file_missing,,,,,,,,,,,,,,../ncct_cect/vindr_ds/aligned_volumes/1.2.840.113619.2.359.3.2831208971.207.1576792853.630/1.2.840.113619.2.359.3.2831208971.207.1576792853.630_1.2.840.113619.2.359.3.2831208971.207.1576792853.721.4206592_aligned_seg_reg.nii.gz,
1.2.840.113619.2.359.3.2831208971.207.1576792853.630,1.2.840.113619.2.359.3.2831208971.207.1576792853.721.4206593,Venous,BAD,1.0,1.0,1.0,1.0,0.0,1.0,1.0,True,,,,,5.5,,KABSCH_FAIL_TOO_FEW_ORGANS | KABSCH_BONE_TOO_FEW | BAD_Z_OFFSET=nanmm
1.2.840.113619.2.359.3.2831208971.207.1576792853.630,1.2.840.113619.2.359.3.2831208971.207.1576792853.938.11,Other,BAD,1.0,12.0,1.0,1.0,0.0,1.0,1.0,True,,,,,66.8,,KABSCH_FAIL_TOO_FEW_ORGANS | KABSCH_BONE_TOO_FEW | BAD_Z_OFFSET=nanmm | LARGE_CENTROID_DIST: spinal_cord=66.8mm
1.2.840.113619.2.359.3.2831208971.225.1582503716.763,1.2.840.113619.2.359.3.2831208971.225.1582503716.857.4198400,Arterial,file_missing,,,,,,,,,,,,,,../ncct_cect/vindr_ds/aligned_volumes/1.2.840.113619.2.359.3.2831208971.225.1582503716.763/1.2.840.113619.2.359.3.2831208971.225.1582503716.763_1.2.840.113619.2.359.3.2831208971.225.1582503716.857.4198400_aligned_seg_reg.nii.gz,
1.2.840.113619.2.359.3.2831208971.225.1582503716.763,1.2.840.113619.2.359.3.2831208971.225.1582503716.857.4198401,Arterial,file_missing,,,,,,,,,,,,,,../ncct_cect/vindr_ds/aligned_volumes/1.2.840.113619.2.359.3.2831208971.225.1582503716.763/1.2.840.113619.2.359.3.2831208971.225.1582503716.763_1.2.840.113619.2.359.3.2831208971.225.1582503716.857.4198401_aligned_seg_reg.nii.gz,
1.2.840.113619.2.359.3.2831208971.225.1582503716.763,1.2.840.113619.2.359.3.2831208971.225.1582503716.857.4202496,Arterial,file_missing,,,,,,,,,,,,,,../ncct_cect/vindr_ds/aligned_volumes/1.2.840.113619.2.359.3.2831208971.225.1582503716.763/1.2.840.113619.2.359.3.2831208971.225.1582503716.763_1.2.840.113619.2.359.3.2831208971.225.1582503716.857.4202496_aligned_seg_reg.nii.gz,
1.2.840.113619.2.359.3.2831208971.225.1582503716.763,1.2.840.113619.2.359.3.2831208971.225.1582503716.857.4202497,Arterial,BAD,1.0,11.0,1.0,1.0,0.0,1.0,1.0,True,,,,,69.3,,KABSCH_FAIL_TOO_FEW_ORGANS | KABSCH_BONE_TOO_FEW | BAD_Z_OFFSET=nanmm | LARGE_CENTROID_DIST: spinal_cord=69.3mm
1.2.840.113619.2.359.3.2831208971.225.1582503716.763,1.2.840.113619.2.359.3.2831208971.225.1582503716.857.4206592,Venous,file_missing,,,,,,,,,,,,,,../ncct_cect/vindr_ds/aligned_volumes/1.2.840.113619.2.359.3.2831208971.225.1582503716.763/1.2.840.113619.2.359.3.2831208971.225.1582503716.763_1.2.840.113619.2.359.3.2831208971.225.1582503716.857.4206592_aligned_seg_reg.nii.gz,
1.2.840.113619.2.359.3.2831208971.225.1582503716.763,1.2.840.113619.2.359.3.2831208971.225.1582503716.857.4206593,Venous,BAD,1.0,1.0,1.0,1.0,0.0,1.0,1.0,True,,,,,9.6,,KABSCH_FAIL_TOO_FEW_ORGANS | KABSCH_BONE_TOO_FEW | BAD_Z_OFFSET=nanmm
1.2.840.113619.2.359.3.2831208971.225.1582503716.763,1.2.840.113619.2.359.3.2831208971.225.1582503717.108.11,Other,BAD,1.0,10.0,1.0,1.0,0.0,1.0,1.0,True,,,,,68.6,,KABSCH_FAIL_TOO_FEW_ORGANS | KABSCH_BONE_TOO_FEW | BAD_Z_OFFSET=nanmm | LARGE_CENTROID_DIST: spinal_cord=68.6mm
1.2.840.113619.2.359.3.2831208971.234.1583108506.652,1.2.840.113619.2.359.3.2831208971.234.1583108506.746.4198400,Arterial,file_missing,,,,,,,,,,,,,,../ncct_cect/vindr_ds/aligned_volumes/1.2.840.113619.2.359.3.2831208971.234.1583108506.652/1.2.840.113619.2.359.3.2831208971.234.1583108506.652_1.2.840.113619.2.359.3.2831208971.234.1583108506.746.4198400_aligned_seg_reg.nii.gz,
1.2.840.113619.2.359.3.2831208971.234.1583108506.652,1.2.840.113619.2.359.3.2831208971.234.1583108506.746.4198401,Arterial,BAD,3.0,11.0,2.0,1.0,0.0,1.0,1.0,True,,,,,86.5,,KABSCH_FAIL_TOO_FEW_ORGANS | KABSCH_BONE_TOO_FEW | BAD_Z_OFFSET=nanmm | LARGE_CENTROID_DIST: IVC=100.1mm | spinal_cord=72.8mm
1.2.840.113619.2.359.3.2831208971.234.1583108506.652,1.2.840.113619.2.359.3.2831208971.234.1583108506.746.4202496,Arterial,file_missing,,,,,,,,,,,,,,../ncct_cect/vindr_ds/aligned_volumes/1.2.840.113619.2.359.3.2831208971.234.1583108506.652/1.2.840.113619.2.359.3.2831208971.234.1583108506.652_1.2.840.113619.2.359.3.2831208971.234.1583108506.746.4202496_aligned_seg_reg.nii.gz,
1.2.840.113619.2.359.3.2831208971.234.1583108506.652,1.2.840.113619.2.359.3.2831208971.234.1583108506.746.4202497,Other,file_missing,,,,,,,,,,,,,,../ncct_cect/vindr_ds/aligned_volumes/1.2.840.113619.2.359.3.2831208971.234.1583108506.652/1.2.840.113619.2.359.3.2831208971.234.1583108506.652_1.2.840.113619.2.359.3.2831208971.234.1583108506.746.4202497_aligned_seg_reg.nii.gz,
1.2.840.113619.2.359.3.2831208971.234.1583108506.652,1.2.840.113619.2.359.3.2831208971.234.1583108506.746.4206592,Venous,file_missing,,,,,,,,,,,,,,../ncct_cect/vindr_ds/aligned_volumes/1.2.840.113619.2.359.3.2831208971.234.1583108506.652/1.2.840.113619.2.359.3.2831208971.234.1583108506.652_1.2.840.113619.2.359.3.2831208971.234.1583108506.746.4206592_aligned_seg_reg.nii.gz,
1.2.840.113619.2.359.3.2831208971.234.1583108506.652,1.2.840.113619.2.359.3.2831208971.234.1583108506.746.4206593,Venous,BAD,3.0,2.0,2.0,1.0,0.0,1.0,1.0,True,,,,,1.0,,KABSCH_FAIL_TOO_FEW_ORGANS | KABSCH_BONE_TOO_FEW | BAD_Z_OFFSET=nanmm
1.2.840.113619.2.359.3.2831208971.234.1583108506.652,1.2.840.113619.2.359.3.2831208971.234.1583108506.967,Other,BAD,3.0,11.0,2.0,1.0,0.0,1.0,1.0,True,,,,,86.2,,KABSCH_FAIL_TOO_FEW_ORGANS | KABSCH_BONE_TOO_FEW | BAD_Z_OFFSET=nanmm | LARGE_CENTROID_DIST: IVC=99.8mm | spinal_cord=72.6mm
1.2.840.113619.2.359.3.2831208971.234.1583108506.652,1.2.840.113619.2.359.3.2831208971.234.1583108506.967.11,Other,BAD,3.0,11.0,2.0,1.0,0.0,1.0,1.0,True,,,,,86.2,,KABSCH_FAIL_TOO_FEW_ORGANS | KABSCH_BONE_TOO_FEW | BAD_Z_OFFSET=nanmm | LARGE_CENTROID_DIST: IVC=99.8mm | spinal_cord=72.6mm
1.2.840.113619.2.359.3.2831208971.265.1578356510.134,1.2.840.113619.2.359.3.2831208971.265.1578356510.228.4198400,Arterial,file_missing,,,,,,,,,,,,,,../ncct_cect/vindr_ds/aligned_volumes/1.2.840.113619.2.359.3.2831208971.265.1578356510.134/1.2.840.113619.2.359.3.2831208971.265.1578356510.134_1.2.840.113619.2.359.3.2831208971.265.1578356510.228.4198400_aligned_seg_reg.nii.gz,
1.2.840.113619.2.359.3.2831208971.265.1578356510.134,1.2.840.113619.2.359.3.2831208971.265.1578356510.228.4198401,Arterial,BAD,1.0,12.0,1.0,1.0,0.0,1.0,1.0,True,,,,,61.6,,KABSCH_FAIL_TOO_FEW_ORGANS | KABSCH_BONE_TOO_FEW | BAD_Z_OFFSET=nanmm | LARGE_CENTROID_DIST: spinal_cord=61.6mm
1.2.840.113619.2.359.3.2831208971.265.1578356510.134,1.2.840.113619.2.359.3.2831208971.265.1578356510.228.4202496,Arterial,file_missing,,,,,,,,,,,,,,../ncct_cect/vindr_ds/aligned_volumes/1.2.840.113619.2.359.3.2831208971.265.1578356510.134/1.2.840.113619.2.359.3.2831208971.265.1578356510.134_1.2.840.113619.2.359.3.2831208971.265.1578356510.228.4202496_aligned_seg_reg.nii.gz,
1.2.840.113619.2.359.3.2831208971.265.1578356510.134,1.2.840.113619.2.359.3.2831208971.265.1578356510.228.4202497,Arterial,file_missing,,,,,,,,,,,,,,../ncct_cect/vindr_ds/aligned_volumes/1.2.840.113619.2.359.3.2831208971.265.1578356510.134/1.2.840.113619.2.359.3.2831208971.265.1578356510.134_1.2.840.113619.2.359.3.2831208971.265.1578356510.228.4202497_aligned_seg_reg.nii.gz,
1.2.840.113619.2.359.3.2831208971.265.1578356510.134,1.2.840.113619.2.359.3.2831208971.265.1578356510.228.4206592,Venous,file_missing,,,,,,,,,,,,,,../ncct_cect/vindr_ds/aligned_volumes/1.2.840.113619.2.359.3.2831208971.265.1578356510.134/1.2.840.113619.2.359.3.2831208971.265.1578356510.134_1.2.840.113619.2.359.3.2831208971.265.1578356510.228.4206592_aligned_seg_reg.nii.gz,
1.2.840.113619.2.359.3.2831208971.265.1578356510.134,1.2.840.113619.2.359.3.2831208971.265.1578356510.228.4206593,Venous,BAD,1.0,1.0,1.0,1.0,0.0,1.0,1.0,True,,,,,6.8,,KABSCH_FAIL_TOO_FEW_ORGANS | KABSCH_BONE_TOO_FEW | BAD_Z_OFFSET=nanmm
1.2.840.113619.2.359.3.2831208971.265.1578356510.134,1.2.840.113619.2.359.3.2831208971.265.1578356510.456.11,Other,BAD,1.0,12.0,1.0,1.0,0.0,1.0,1.0,True,,,,,58.2,,KABSCH_FAIL_TOO_FEW_ORGANS | KABSCH_BONE_TOO_FEW | BAD_Z_OFFSET=nanmm | LARGE_CENTROID_DIST: spinal_cord=58.2mm
1.2.840.113619.2.359.3.2831208971.265.1590967284.608,1.2.840.113619.2.359.3.2831208971.265.1590967284.705.4198400,Arterial,file_missing,,,,,,,,,,,,,,../ncct_cect/vindr_ds/aligned_volumes/1.2.840.113619.2.359.3.2831208971.265.1590967284.608/1.2.840.113619.2.359.3.2831208971.265.1590967284.608_1.2.840.113619.2.359.3.2831208971.265.1590967284.705.4198400_aligned_seg_reg.nii.gz,
1.2.840.113619.2.359.3.2831208971.265.1590967284.608,1.2.840.113619.2.359.3.2831208971.265.1590967284.705.4198401,Arterial,BAD,4.0,12.0,4.0,1.0,1.0,1.0,1.0,True,-170.6,0.0,17.5,17.5,109.8,,KABSCH_BONE_TOO_FEW | BAD_Z_OFFSET=-170.6mm | LARGE_CENTROID_DIST: kidney_R=171.5mm | aorta=86.3mm | IVC=106.3mm | spinal_cord=75.1mm
1.2.840.113619.2.359.3.2831208971.265.1590967284.608,1.2.840.113619.2.359.3.2831208971.265.1590967284.705.4202496,Arterial,file_missing,,,,,,,,,,,,,,../ncct_cect/vindr_ds/aligned_volumes/1.2.840.113619.2.359.3.2831208971.265.1590967284.608/1.2.840.113619.2.359.3.2831208971.265.1590967284.608_1.2.840.113619.2.359.3.2831208971.265.1590967284.705.4202496_aligned_seg_reg.nii.gz,
1.2.840.113619.2.359.3.2831208971.265.1590967284.608,1.2.840.113619.2.359.3.2831208971.265.1590967284.705.4202497,Arterial,file_missing,,,,,,,,,,,,,,../ncct_cect/vindr_ds/aligned_volumes/1.2.840.113619.2.359.3.2831208971.265.1590967284.608/1.2.840.113619.2.359.3.2831208971.265.1590967284.608_1.2.840.113619.2.359.3.2831208971.265.1590967284.705.4202497_aligned_seg_reg.nii.gz,
1.2.840.113619.2.359.3.2831208971.265.1590967284.608,1.2.840.113619.2.359.3.2831208971.265.1590967284.705.4206592,Venous,file_missing,,,,,,,,,,,,,,../ncct_cect/vindr_ds/aligned_volumes/1.2.840.113619.2.359.3.2831208971.265.1590967284.608/1.2.840.113619.2.359.3.2831208971.265.1590967284.608_1.2.840.113619.2.359.3.2831208971.265.1590967284.705.4206592_aligned_seg_reg.nii.gz,
1.2.840.113619.2.359.3.2831208971.265.1590967284.608,1.2.840.113619.2.359.3.2831208971.265.1590967284.705.4206593,Venous,BAD,4.0,4.0,4.0,1.0,1.0,1.0,1.0,True,-4.5,0.0,3.4,3.4,5.5,,KABSCH_BONE_TOO_FEW
1.2.840.113619.2.359.3.2831208971.265.1590967284.608,1.2.840.113619.2.359.3.2831208971.265.1590967284.931,Other,BAD,4.0,12.0,4.0,1.0,1.0,1.0,1.0,True,-159.9,0.0,18.2,18.2,103.5,,KABSCH_BONE_TOO_FEW | BAD_Z_OFFSET=-159.9mm | LARGE_CENTROID_DIST: kidney_R=160.9mm | aorta=82.1mm | IVC=98.9mm | spinal_cord=72.0mm
1.2.840.113619.2.359.3.2831208971.265.1590967284.608,1.2.840.113619.2.359.3.2831208971.265.1590967284.931.11,Other,BAD,4.0,12.0,4.0,1.0,1.0,1.0,1.0,True,-159.9,0.0,18.2,18.2,103.5,,KABSCH_BONE_TOO_FEW | BAD_Z_OFFSET=-159.9mm | LARGE_CENTROID_DIST: kidney_R=160.9mm | aorta=82.1mm | IVC=98.9mm | spinal_cord=72.0mm
1.2.840.113619.2.359.3.2831208971.27.1557706776.428,1.2.840.113619.2.359.3.2831208971.27.1557706776.517.4198400,Arterial,file_missing,,,,,,,,,,,,,,../ncct_cect/vindr_ds/aligned_volumes/1.2.840.113619.2.359.3.2831208971.27.1557706776.428/1.2.840.113619.2.359.3.2831208971.27.1557706776.428_1.2.840.113619.2.359.3.2831208971.27.1557706776.517.4198400_aligned_seg_reg.nii.gz,
1.2.840.113619.2.359.3.2831208971.27.1557706776.428,1.2.840.113619.2.359.3.2831208971.27.1557706776.517.4198401,Arterial,file_missing,,,,,,,,,,,,,,../ncct_cect/vindr_ds/aligned_volumes/1.2.840.113619.2.359.3.2831208971.27.1557706776.428/1.2.840.113619.2.359.3.2831208971.27.1557706776.428_1.2.840.113619.2.359.3.2831208971.27.1557706776.517.4198401_aligned_seg_reg.nii.gz,
1.2.840.113619.2.359.3.2831208971.27.1557706776.428,1.2.840.113619.2.359.3.2831208971.27.1557706776.517.4202496,Arterial,file_missing,,,,,,,,,,,,,,../ncct_cect/vindr_ds/aligned_volumes/1.2.840.113619.2.359.3.2831208971.27.1557706776.428/1.2.840.113619.2.359.3.2831208971.27.1557706776.428_1.2.840.113619.2.359.3.2831208971.27.1557706776.517.4202496_aligned_seg_reg.nii.gz,
1.2.840.113619.2.359.3.2831208971.27.1557706776.428,1.2.840.113619.2.359.3.2831208971.27.1557706776.517.4202497,Arterial,BAD,3.0,12.0,3.0,1.0,0.0,1.0,1.0,True,,,,,73.2,,KABSCH_BONE_TOO_FEW | BAD_Z_OFFSET=nanmm | LARGE_CENTROID_DIST: aorta=78.3mm | IVC=83.1mm | spinal_cord=58.3mm
1.2.840.113619.2.359.3.2831208971.27.1557706776.428,1.2.840.113619.2.359.3.2831208971.27.1557706776.517.4206592,Venous,file_missing,,,,,,,,,,,,,,../ncct_cect/vindr_ds/aligned_volumes/1.2.840.113619.2.359.3.2831208971.27.1557706776.428/1.2.840.113619.2.359.3.2831208971.27.1557706776.428_1.2.840.113619.2.359.3.2831208971.27.1557706776.517.4206592_aligned_seg_reg.nii.gz,
1.2.840.113619.2.359.3.2831208971.27.1557706776.428,1.2.840.113619.2.359.3.2831208971.27.1557706776.517.4206593,Venous,BAD,3.0,4.0,3.0,1.0,0.0,1.0,1.0,True,,,,,3.0,,KABSCH_BONE_TOO_FEW | BAD_Z_OFFSET=nanmm
1.2.840.113619.2.359.3.2831208971.27.1557706776.428,1.2.840.113619.2.359.3.2831208971.27.1557706776.748,Other,BAD,3.0,12.0,3.0,1.0,0.0,1.0,1.0,True,,,,,73.8,,KABSCH_BONE_TOO_FEW | BAD_Z_OFFSET=nanmm | LARGE_CENTROID_DIST: aorta=78.2mm | IVC=83.9mm | spinal_cord=59.3mm
1.2.840.113619.2.359.3.2831208971.27.1557706776.428,1.2.840.113619.2.359.3.2831208971.27.1557706776.748.11,Other,BAD,3.0,12.0,3.0,1.0,0.0,1.0,1.0,True,,,,,73.8,,KABSCH_BONE_TOO_FEW | BAD_Z_OFFSET=nanmm | LARGE_CENTROID_DIST: aorta=78.2mm | IVC=83.9mm | spinal_cord=59.3mm
1.2.840.113619.2.359.3.2831208971.27.1589930824.148,1.2.840.113619.2.359.3.2831208971.27.1589930824.249.4198400,Arterial,file_missing,,,,,,,,,,,,,,../ncct_cect/vindr_ds/aligned_volumes/1.2.840.113619.2.359.3.2831208971.27.1589930824.148/1.2.840.113619.2.359.3.2831208971.27.1589930824.148_1.2.840.113619.2.359.3.2831208971.27.1589930824.249.4198400_aligned_seg_reg.nii.gz,
1.2.840.113619.2.359.3.2831208971.27.1589930824.148,1.2.840.113619.2.359.3.2831208971.27.1589930824.249.4198401,Arterial,file_missing,,,,,,,,,,,,,,../ncct_cect/vindr_ds/aligned_volumes/1.2.840.113619.2.359.3.2831208971.27.1589930824.148/1.2.840.113619.2.359.3.2831208971.27.1589930824.148_1.2.840.113619.2.359.3.2831208971.27.1589930824.249.4198401_aligned_seg_reg.nii.gz,
1.2.840.113619.2.359.3.2831208971.27.1589930824.148,1.2.840.113619.2.359.3.2831208971.27.1589930824.249.4202496,Arterial,file_missing,,,,,,,,,,,,,,../ncct_cect/vindr_ds/aligned_volumes/1.2.840.113619.2.359.3.2831208971.27.1589930824.148/1.2.840.113619.2.359.3.2831208971.27.1589930824.148_1.2.840.113619.2.359.3.2831208971.27.1589930824.249.4202496_aligned_seg_reg.nii.gz,
1.2.840.113619.2.359.3.2831208971.27.1589930824.148,1.2.840.113619.2.359.3.2831208971.27.1589930824.249.4202497,Arterial,file_missing,,,,,,,,,,,,,,../ncct_cect/vindr_ds/aligned_volumes/1.2.840.113619.2.359.3.2831208971.27.1589930824.148/1.2.840.113619.2.359.3.2831208971.27.1589930824.148_1.2.840.113619.2.359.3.2831208971.27.1589930824.249.4202497_aligned_seg_reg.nii.gz,
1.2.840.113619.2.359.3.2831208971.27.1589930824.148,1.2.840.113619.2.359.3.2831208971.27.1589930824.249.4206592,Venous,file_missing,,,,,,,,,,,,,,../ncct_cect/vindr_ds/aligned_volumes/1.2.840.113619.2.359.3.2831208971.27.1589930824.148/1.2.840.113619.2.359.3.2831208971.27.1589930824.148_1.2.840.113619.2.359.3.2831208971.27.1589930824.249.4206592_aligned_seg_reg.nii.gz,
1.2.840.113619.2.359.3.2831208971.27.1589930824.148,1.2.840.113619.2.359.3.2831208971.27.1589930824.249.4206593,Venous,BAD,5.0,5.0,5.0,2.0,1.0,1.0,1.0,True,-0.8,0.0,6.2,6.2,5.3,,KABSCH_BONE_TOO_FEW
1.2.840.113619.2.359.3.2831208971.27.1589930824.148,1.2.840.113619.2.359.3.2831208971.27.1589930824.479,Other,file_missing,,,,,,,,,,,,,,../ncct_cect/vindr_ds/aligned_volumes/1.2.840.113619.2.359.3.2831208971.27.1589930824.148/1.2.840.113619.2.359.3.2831208971.27.1589930824.148_1.2.840.113619.2.359.3.2831208971.27.1589930824.479_aligned_seg_reg.nii.gz,
1.2.840.113619.2.359.3.2831208971.27.1589930824.148,1.2.840.113619.2.359.3.2831208971.682.1589940171.505,Arterial,BAD,5.0,8.0,5.0,2.0,1.0,1.0,1.0,True,-17.3,0.0,8.0,8.0,15.6,,KABSCH_BONE_TOO_FEW | LARGE_CENTROID_DIST: kidney_L=19.0mm | aorta=18.9mm | L3=22.0mm
1.2.840.113619.2.359.3.2831208971.27.1589930824.148,1.2.840.113619.2.359.3.2831208971.682.1589940171.510,Other,BAD,5.0,11.0,4.0,1.0,1.0,1.0,1.0,True,-146.1,0.0,26.1,26.1,79.8,,KABSCH_BONE_TOO_FEW | BAD_Z_OFFSET=-146.1mm | LARGE_CENTROID_DIST: kidney_L=148.5mm | aorta=72.1mm | IVC=61.2mm | spinal_cord=37.5mm
1.2.840.113619.2.359.3.2831208971.294.1582849361.600,1.2.840.113619.2.359.3.2831208971.294.1582849361.691.4198400,Arterial,file_missing,,,,,,,,,,,,,,../ncct_cect/vindr_ds/aligned_volumes/1.2.840.113619.2.359.3.2831208971.294.1582849361.600/1.2.840.113619.2.359.3.2831208971.294.1582849361.600_1.2.840.113619.2.359.3.2831208971.294.1582849361.691.4198400_aligned_seg_reg.nii.gz,
1.2.840.113619.2.359.3.2831208971.294.1582849361.600,1.2.840.113619.2.359.3.2831208971.294.1582849361.691.4198401,Arterial,file_missing,,,,,,,,,,,,,,../ncct_cect/vindr_ds/aligned_volumes/1.2.840.113619.2.359.3.2831208971.294.1582849361.600/1.2.840.113619.2.359.3.2831208971.294.1582849361.600_1.2.840.113619.2.359.3.2831208971.294.1582849361.691.4198401_aligned_seg_reg.nii.gz,
1.2.840.113619.2.359.3.2831208971.294.1582849361.600,1.2.840.113619.2.359.3.2831208971.294.1582849361.691.4202496,Arterial,file_missing,,,,,,,,,,,,,,../ncct_cect/vindr_ds/aligned_volumes/1.2.840.113619.2.359.3.2831208971.294.1582849361.600/1.2.840.113619.2.359.3.2831208971.294.1582849361.600_1.2.840.113619.2.359.3.2831208971.294.1582849361.691.4202496_aligned_seg_reg.nii.gz,
1.2.840.113619.2.359.3.2831208971.294.1582849361.600,1.2.840.113619.2.359.3.2831208971.294.1582849361.691.4202497,Arterial,BAD,1.0,12.0,1.0,1.0,0.0,1.0,1.0,True,,,,,82.0,,KABSCH_FAIL_TOO_FEW_ORGANS | KABSCH_BONE_TOO_FEW | BAD_Z_OFFSET=nanmm | LARGE_CENTROID_DIST: spinal_cord=82.0mm
1.2.840.113619.2.359.3.2831208971.294.1582849361.600,1.2.840.113619.2.359.3.2831208971.294.1582849361.691.4206592,Venous,file_missing,,,,,,,,,,,,,,../ncct_cect/vindr_ds/aligned_volumes/1.2.840.113619.2.359.3.2831208971.294.1582849361.600/1.2.840.113619.2.359.3.2831208971.294.1582849361.600_1.2.840.113619.2.359.3.2831208971.294.1582849361.691.4206592_aligned_seg_reg.nii.gz,
1.2.840.113619.2.359.3.2831208971.294.1582849361.600,1.2.840.113619.2.359.3.2831208971.294.1582849361.691.4206593,Venous,BAD,1.0,1.0,1.0,1.0,0.0,1.0,1.0,True,,,,,7.7,,KABSCH_FAIL_TOO_FEW_ORGANS | KABSCH_BONE_TOO_FEW | BAD_Z_OFFSET=nanmm
1.2.840.113619.2.359.3.2831208971.294.1582849361.600,1.2.840.113619.2.359.3.2831208971.294.1582849361.945.11,Other,BAD,1.0,12.0,1.0,1.0,0.0,1.0,1.0,True,,,,,81.6,,KABSCH_FAIL_TOO_FEW_ORGANS | KABSCH_BONE_TOO_FEW | BAD_Z_OFFSET=nanmm | LARGE_CENTROID_DIST: spinal_cord=81.6mm
1.2.840.113619.2.359.3.2831208971.298.1585268502.426,1.2.840.113619.2.359.3.2831208971.298.1585268502.609.4198400,Arterial,file_missing,,,,,,,,,,,,,,../ncct_cect/vindr_ds/aligned_volumes/1.2.840.113619.2.359.3.2831208971.298.1585268502.426/1.2.840.113619.2.359.3.2831208971.298.1585268502.426_1.2.840.113619.2.359.3.2831208971.298.1585268502.609.4198400_aligned_seg_reg.nii.gz,
1.2.840.113619.2.359.3.2831208971.298.1585268502.426,1.2.840.113619.2.359.3.2831208971.298.1585268502.609.4198401,Arterial,file_missing,,,,,,,,,,,,,,../ncct_cect/vindr_ds/aligned_volumes/1.2.840.113619.2.359.3.2831208971.298.1585268502.426/1.2.840.113619.2.359.3.2831208971.298.1585268502.426_1.2.840.113619.2.359.3.2831208971.298.1585268502.609.4198401_aligned_seg_reg.nii.gz,
1.2.840.113619.2.359.3.2831208971.298.1585268502.426,1.2.840.113619.2.359.3.2831208971.298.1585268502.609.4202496,Arterial,file_missing,,,,,,,,,,,,,,../ncct_cect/vindr_ds/aligned_volumes/1.2.840.113619.2.359.3.2831208971.298.1585268502.426/1.2.840.113619.2.359.3.2831208971.298.1585268502.426_1.2.840.113619.2.359.3.2831208971.298.1585268502.609.4202496_aligned_seg_reg.nii.gz,
1.2.840.113619.2.359.3.2831208971.298.1585268502.426,1.2.840.113619.2.359.3.2831208971.298.1585268502.609.4202497,Arterial,BAD,1.0,12.0,1.0,1.0,0.0,1.0,1.0,True,,,,,60.3,,KABSCH_FAIL_TOO_FEW_ORGANS | KABSCH_BONE_TOO_FEW | BAD_Z_OFFSET=nanmm | LARGE_CENTROID_DIST: spinal_cord=60.3mm
1.2.840.113619.2.359.3.2831208971.298.1585268502.426,1.2.840.113619.2.359.3.2831208971.298.1585268502.609.4206592,Venous,file_missing,,,,,,,,,,,,,,../ncct_cect/vindr_ds/aligned_volumes/1.2.840.113619.2.359.3.2831208971.298.1585268502.426/1.2.840.113619.2.359.3.2831208971.298.1585268502.426_1.2.840.113619.2.359.3.2831208971.298.1585268502.609.4206592_aligned_seg_reg.nii.gz,
1.2.840.113619.2.359.3.2831208971.298.1585268502.426,1.2.840.113619.2.359.3.2831208971.298.1585268502.609.4206593,Venous,BAD,1.0,1.0,1.0,1.0,0.0,1.0,1.0,True,,,,,5.9,,KABSCH_FAIL_TOO_FEW_ORGANS | KABSCH_BONE_TOO_FEW | BAD_Z_OFFSET=nanmm
1.2.840.113619.2.359.3.2831208971.298.1585268502.426,1.2.840.113619.2.359.3.2831208971.298.1585268502.857.11,Other,BAD,1.0,12.0,1.0,1.0,0.0,1.0,1.0,True,,,,,60.7,,KABSCH_FAIL_TOO_FEW_ORGANS | KABSCH_BONE_TOO_FEW | BAD_Z_OFFSET=nanmm | LARGE_CENTROID_DIST: spinal_cord=60.7mm
1.2.840.113619.2.359.3.2831208971.47.1588634888.707,1.2.840.113619.2.359.3.2831208971.47.1588634888.806.4198400,Arterial,file_missing,,,,,,,,,,,,,,../ncct_cect/vindr_ds/aligned_volumes/1.2.840.113619.2.359.3.2831208971.47.1588634888.707/1.2.840.113619.2.359.3.2831208971.47.1588634888.707_1.2.840.113619.2.359.3.2831208971.47.1588634888.806.4198400_aligned_seg_reg.nii.gz,
1.2.840.113619.2.359.3.2831208971.47.1588634888.707,1.2.840.113619.2.359.3.2831208971.47.1588634888.806.4198401,Arterial,BAD,2.0,9.0,2.0,1.0,0.0,1.0,1.0,True,,,,,85.2,,KABSCH_FAIL_TOO_FEW_ORGANS | KABSCH_BONE_TOO_FEW | BAD_Z_OFFSET=nanmm | LARGE_CENTROID_DIST: IVC=111.3mm | spinal_cord=59.2mm
1.2.840.113619.2.359.3.2831208971.47.1588634888.707,1.2.840.113619.2.359.3.2831208971.47.1588634888.806.4202496,Arterial,file_missing,,,,,,,,,,,,,,../ncct_cect/vindr_ds/aligned_volumes/1.2.840.113619.2.359.3.2831208971.47.1588634888.707/1.2.840.113619.2.359.3.2831208971.47.1588634888.707_1.2.840.113619.2.359.3.2831208971.47.1588634888.806.4202496_aligned_seg_reg.nii.gz,
1.2.840.113619.2.359.3.2831208971.47.1588634888.707,1.2.840.113619.2.359.3.2831208971.47.1588634888.806.4202497,Other,file_missing,,,,,,,,,,,,,,../ncct_cect/vindr_ds/aligned_volumes/1.2.840.113619.2.359.3.2831208971.47.1588634888.707/1.2.840.113619.2.359.3.2831208971.47.1588634888.707_1.2.840.113619.2.359.3.2831208971.47.1588634888.806.4202497_aligned_seg_reg.nii.gz,
1.2.840.113619.2.359.3.2831208971.47.1588634888.707,1.2.840.113619.2.359.3.2831208971.47.1588634888.806.4206592,Venous,file_missing,,,,,,,,,,,,,,../ncct_cect/vindr_ds/aligned_volumes/1.2.840.113619.2.359.3.2831208971.47.1588634888.707/1.2.840.113619.2.359.3.2831208971.47.1588634888.707_1.2.840.113619.2.359.3.2831208971.47.1588634888.806.4206592_aligned_seg_reg.nii.gz,
1.2.840.113619.2.359.3.2831208971.47.1588634888.707,1.2.840.113619.2.359.3.2831208971.47.1588634888.806.4206593,Venous,BAD,2.0,11.0,2.0,1.0,0.0,1.0,1.0,True,,,,,83.4,,KABSCH_FAIL_TOO_FEW_ORGANS | KABSCH_BONE_TOO_FEW | BAD_Z_OFFSET=nanmm | LARGE_CENTROID_DIST: IVC=108.2mm | spinal_cord=58.6mm
1.2.840.113619.2.359.3.2831208971.47.1588634888.707,1.2.840.113619.2.359.3.2831208971.47.1588634889.205.11,Other,BAD,2.0,9.0,2.0,1.0,0.0,1.0,1.0,True,,,,,84.5,,KABSCH_FAIL_TOO_FEW_ORGANS | KABSCH_BONE_TOO_FEW | BAD_Z_OFFSET=nanmm | LARGE_CENTROID_DIST: IVC=113.5mm | spinal_cord=55.5mm
